1	слова	слово	NOUN	_	Animacy=Inan|Case=Nom|Gender=Neut|Number=Plur	_	_	_	@vvp1934-words#@vvp1934#784.9#785.45
2	и	и	CCONJ	_	_	_	_	_	@vvp1934-words#@vvp1934#785.45#786.0
3	музыка	музыка	NOUN	_	Animacy=Inan|Case=Nom|Gender=Fem|Number=Sing	_	_	_	@vvp1934-words#@vvp1934#786.0#786.55
4	/	/	PUNCT	_	_	_	_	_	@vvp1934-words#@vvp1934#786.55#787.1
5	песня	песня	NOUN	_	Animacy=Inan|Case=Nom|Gender=Fem|Number=Sing	_	_	_	@vvp1934-words#@vvp1934#787.1#787.65
6	я	я	PRON	_	Case=Nom|Number=Sing|Person=1	_	_	_	@vvp1934-words#@vvp1934#788.7#789.041
7	понимаю	понимать	VERB	_	Aspect=Imp|Mood=Ind|Number=Sing|Person=1|Tense=Pres|VerbForm=Fin|Voice=Act	_	_	_	@vvp1934-words#@vvp1934#789.041#789.382
8	что	что	SCONJ	_	_	_	_	_	@vvp1934-words#@vvp1934#789.382#789.723
9	это	это	PRON	_	Animacy=Inan|Case=Nom|Gender=Neut|Number=Sing	_	_	_	@vvp1934-words#@vvp1934#789.723#790.064
10	дурацкий	дурацкий	ADJ	_	Case=Nom|Degree=Pos|Gender=Masc|Number=Sing	_	_	_	@vvp1934-words#@vvp1934#790.064#790.405
11	вопрос	вопрос	NOUN	_	Animacy=Inan|Case=Nom|Gender=Masc|Number=Sing	_	_	_	@vvp1934-words#@vvp1934#790.405#790.746
12	/	/	PUNCT	_	_	_	_	_	@vvp1934-words#@vvp1934#790.746#791.087
13	но	но	CCONJ	_	_	_	_	_	@vvp1934-words#@vvp1934#791.087#791.428
14	всё-таки	все-таки	PART	_	_	_	_	_	@vvp1934-words#@vvp1934#791.428#791.769
15	для	для	ADP	_	_	_	_	_	@vvp1934-words#@vvp1934#791.769#792.11
16	вас	вы	PRON	_	Case=Gen|Number=Plur|Person=2	_	_	_	@vvp1934-words#@vvp1934#792.11#792.451
17	лично	лично	ADV	_	Degree=Pos	_	_	_	@vvp1934-words#@vvp1934#792.451#792.8
18	что	что	SCONJ	_	_	_	_	_	@vvp1934-words#@vvp1934#794.2#795.15
19	первичнее?	первичнее?	SYM	_	_	_	_	_	@vvp1934-words#@vvp1934#795.15#796.1
20	я	я	PRON	_	Case=Nom|Number=Sing|Person=1	_	_	_	@vvp1934-words#@vvp1934#814.5#814.818
21	к	к	ADP	_	_	_	_	_	@vvp1934-words#@vvp1934#814.818#815.136
22	чему	что	PRON	_	Case=Dat	_	_	_	@vvp1934-words#@vvp1934#815.136#815.454
23	говорю	говорить	VERB	_	Aspect=Imp|Mood=Ind|Number=Sing|Person=1|Tense=Pres|VerbForm=Fin|Voice=Act	_	_	_	@vvp1934-words#@vvp1934#815.454#815.772
24	/	/	PUNCT	_	_	_	_	_	@vvp1934-words#@vvp1934#815.772#816.09
25	вот	вот	PART	_	_	_	_	_	@vvp1934-words#@vvp1934#816.09#816.408
26	если	если	SCONJ	_	_	_	_	_	@vvp1934-words#@vvp1934#816.408#816.726
27	взять	взять	VERB	_	Aspect=Perf|VerbForm=Inf|Voice=Act	_	_	_	@vvp1934-words#@vvp1934#816.726#817.044
28	песню	песня	NOUN	_	Animacy=Inan|Case=Acc|Gender=Fem|Number=Sing	_	_	_	@vvp1934-words#@vvp1934#817.044#817.362
29	/	/	PUNCT	_	_	_	_	_	@vvp1934-words#@vvp1934#817.362#817.68
30	любую	любой	VERB	_	Aspect=Perf|Case=Acc|Gender=Fem|Number=Sing|Tense=Past|VerbForm=Part|Voice=Pass	_	_	_	@vvp1934-words#@vvp1934#817.68#818.0
31	и	и	CCONJ	_	_	_	_	_	@vvp1934-words#@vvp1934#820.1#820.475
32	играть	играть	VERB	_	Aspect=Imp|VerbForm=Inf|Voice=Act	_	_	_	@vvp1934-words#@vvp1934#820.475#820.85
33	/	/	PUNCT	_	_	_	_	_	@vvp1934-words#@vvp1934#820.85#821.225
34	в	в	ADP	_	_	_	_	_	@vvp1934-words#@vvp1934#821.225#821.6
35	/	/	PUNCT	_	_	_	_	_	@vvp1934-words#@vvp1934#821.6#821.975
36	вот	вот	PART	_	_	_	_	_	@vvp1934-words#@vvp1934#821.975#822.35
37	можно	можно	ADV	_	Degree=Pos	_	_	_	@vvp1934-words#@vvp1934#822.35#822.725
38	слушать	слушать	VERB	_	Aspect=Imp|VerbForm=Inf|Voice=Act	_	_	_	@vvp1934-words#@vvp1934#822.725#823.1
39	только	только	PART	_	_	_	_	_	@vvp1934-words#@vvp1934#823.1#823.475
40	музыку	музыка	NOUN	_	Animacy=Inan|Case=Acc|Gender=Fem|Number=Sing	_	_	_	@vvp1934-words#@vvp1934#823.475#823.85
41	/	/	PUNCT	_	_	_	_	_	@vvp1934-words#@vvp1934#823.85#824.225
42	и	и	CCONJ	_	_	_	_	_	@vvp1934-words#@vvp1934#824.225#824.6
43	можно	можно	ADV	_	Degree=Pos	_	_	_	@vvp1934-words#@vvp1934#824.6#824.975
44	/	/	PUNCT	_	_	_	_	_	@vvp1934-words#@vvp1934#824.975#825.35
45	прочитать	читать	VERB	_	Aspect=Perf|VerbForm=Inf|Voice=Act	_	_	_	@vvp1934-words#@vvp1934#825.35#825.725
46	или	или	CCONJ	_	_	_	_	_	@vvp1934-words#@vvp1934#825.725#826.1
47	слушать	слушать	VERB	_	Aspect=Imp|VerbForm=Inf|Voice=Act	_	_	_	@vvp1934-words#@vvp1934#826.1#826.475
48	чтение	чтение	NOUN	_	Animacy=Inan|Case=Acc|Gender=Neut|Number=Sing	_	_	_	@vvp1934-words#@vvp1934#826.475#826.85
49	только	только	PART	_	_	_	_	_	@vvp1934-words#@vvp1934#826.85#827.225
50	слов	слово	NOUN	_	Animacy=Inan|Case=Gen|Gender=Neut|Number=Plur	_	_	_	@vvp1934-words#@vvp1934#827.225#827.6
51	ну	ну	PART	_	_	_	_	_	@vvp1934-words#@vvp1934#830.004#830.292
52	вот	вот	PART	_	_	_	_	_	@vvp1934-words#@vvp1934#830.292#830.58
53	скажем	сказать	VERB	_	Aspect=Perf|Mood=Ind|Number=Plur|Person=1|Tense=Fut|VerbForm=Fin|Voice=Act	_	_	_	@vvp1934-words#@vvp1934#830.58#830.868
54	если	если	SCONJ	_	_	_	_	_	@vvp1934-words#@vvp1934#830.868#831.156
55	взять	брать	VERB	_	Aspect=Perf|VerbForm=Inf|Voice=Act	_	_	_	@vvp1934-words#@vvp1934#831.156#831.444
56	Высоцкого	Высоцкий	PROPN	_	Animacy=Anim|Case=Acc|Gender=Masc|Number=Sing	_	_	_	@vvp1934-words#@vvp1934#831.444#831.732
57	/	/	PUNCT	_	_	_	_	_	@vvp1934-words#@vvp1934#831.732#832.02
58	к	к	ADP	_	_	_	_	_	@vvp1934-words#@vvp1934#832.02#832.308
59	примеру	пример	NOUN	_	Animacy=Inan|Case=Dat|Gender=Masc|Number=Sing	_	_	_	@vvp1934-words#@vvp1934#832.308#832.603
60	то	то	SCONJ	_	_	_	_	_	@vvp1934-words#@vvp1934#834.0#834.312
61	на	на	ADP	_	_	_	_	_	@vvp1934-words#@vvp1934#834.312#834.624
62	мой	мой	DET	_	Case=Acc|Gender=Masc|Number=Sing	_	_	_	@vvp1934-words#@vvp1934#834.624#834.936
63	взгляд	взгляд	NOUN	_	Animacy=Inan|Case=Acc|Gender=Masc|Number=Sing	_	_	_	@vvp1934-words#@vvp1934#834.936#835.248
64	/	/	PUNCT	_	_	_	_	_	@vvp1934-words#@vvp1934#835.248#835.56
65	слова	слово	NOUN	_	Animacy=Inan|Case=Gen|Gender=Neut|Number=Sing	_	_	_	@vvp1934-words#@vvp1934#835.56#835.872
66	сильнее	сильный	ADV	_	Degree=Cmp	_	_	_	@vvp1934-words#@vvp1934#835.872#836.184
67	музыки	музыка	NOUN	_	Animacy=Inan|Case=Gen|Gender=Fem|Number=Sing	_	_	_	@vvp1934-words#@vvp1934#836.184#836.5
68	зачастую	зачастую	ADV	_	Degree=Pos	_	_	_	@vvp1934-words#@vvp1934#836.6#836.966
69	/	/	PUNCT	_	_	_	_	_	@vvp1934-words#@vvp1934#836.966#837.332
70	да?	да?	PUNCT	_	_	_	_	_	@vvp1934-words#@vvp1934#837.332#837.7
71	хотя	хотя	SCONJ	_	_	_	_	_	@vvp1934-words#@vvp1934#838.2#838.528
72	/	/	PUNCT	_	_	_	_	_	@vvp1934-words#@vvp1934#838.528#838.856
73	всё	все	PRON	_	Animacy=Inan|Case=Nom|Gender=Neut|Number=Sing	_	_	_	@vvp1934-words#@vvp1934#838.856#839.184
74	равно	равный	ADJ	_	Degree=Pos|Gender=Neut|Number=Sing|Variant=Short	_	_	_	@vvp1934-words#@vvp1934#839.184#839.512
75	это	это	PRON	_	Animacy=Inan|Case=Nom|Gender=Neut|Number=Sing	_	_	_	@vvp1934-words#@vvp1934#839.512#839.84
76	сильные	сильный	ADJ	_	Case=Nom|Degree=Pos|Number=Plur	_	_	_	@vvp1934-words#@vvp1934#839.84#840.168
77	вещи	вещь	NOUN	_	Animacy=Inan|Case=Nom|Gender=Fem|Number=Plur	_	_	_	@vvp1934-words#@vvp1934#840.168#840.5
78	а	а	CCONJ	_	_	_	_	_	@vvp1934-words#@vvp1934#841.1#841.37
79	если	если	SCONJ	_	_	_	_	_	@vvp1934-words#@vvp1934#841.37#841.64
80	взять	брать	VERB	_	Aspect=Perf|VerbForm=Inf|Voice=Act	_	_	_	@vvp1934-words#@vvp1934#841.64#841.91
81	Булата	Булата	PROPN	_	Animacy=Inan|Case=Nom|Gender=Fem|Number=Sing	_	_	_	@vvp1934-words#@vvp1934#841.91#842.18
82	Окуджаву	Окуджава	PROPN	_	Animacy=Anim|Case=Acc|Gender=Fem|Number=Sing	_	_	_	@vvp1934-words#@vvp1934#842.18#842.45
83	/	/	PUNCT	_	_	_	_	_	@vvp1934-words#@vvp1934#842.45#842.72
84	тут	тут	ADV	_	Degree=Pos	_	_	_	@vvp1934-words#@vvp1934#842.72#842.99
85	чёрт	чёрт	NOUN	_	Animacy=Inan|Case=Acc|Gender=Masc|Number=Sing	_	_	_	@vvp1934-words#@vvp1934#842.99#843.26
86	его	он	PRON	_	Case=Acc|Gender=Masc|Number=Sing|Person=3	_	_	_	@vvp1934-words#@vvp1934#843.26#843.53
87	знает	знать	VERB	_	Aspect=Imp|Mood=Ind|Number=Sing|Person=3|Tense=Pres|VerbForm=Fin|Voice=Act	_	_	_	@vvp1934-words#@vvp1934#843.53#843.8
88	/	/	PUNCT	_	_	_	_	_	@vvp1934-words#@vvp1934#843.8#844.07
89	может	мочь	VERB	_	Aspect=Imp|Mood=Ind|Number=Sing|Person=3|Tense=Pres|VerbForm=Fin|Voice=Act	_	_	_	@vvp1934-words#@vvp1934#844.07#844.34
90	тоже	тоже	PART	_	_	_	_	_	@vvp1934-words#@vvp1934#844.34#844.61
91	слова	слово	NOUN	_	Animacy=Inan|Case=Acc|Gender=Neut|Number=Plur	_	_	_	@vvp1934-words#@vvp1934#844.61#844.88
92	сильнее	сильно	ADV	_	Degree=Cmp	_	_	_	@vvp1934-words#@vvp1934#844.88#845.15
93	чем	чем	SCONJ	_	_	_	_	_	@vvp1934-words#@vvp1934#845.15#845.42
94	слова	слово	NOUN	_	Animacy=Inan|Case=Acc|Gender=Neut|Number=Plur	_	_	_	@vvp1934-words#@vvp1934#845.42#845.7
95	слова	слово	NOUN	_	Animacy=Inan|Case=Gen|Gender=Neut|Number=Sing	_	_	_	@vvp1934-words#@vvp1934#846.2#846.4
96	то	то	PRON	_	Animacy=Inan|Case=Nom|Gender=Neut|Number=Sing	_	_	_	@vvp1934-words#@vvp1934#847.6#847.911
97	есть	быть	VERB	_	Aspect=Imp|Mood=Ind|Number=Sing|Person=3|Tense=Pres|VerbForm=Fin|Voice=Act	_	_	_	@vvp1934-words#@vvp1934#847.911#848.222
98	мм	миллиметр	NOUN	_	Animacy=Inan|Case=Nom|Gender=Masc|Number=Sing	_	_	_	@vvp1934-words#@vvp1934#848.222#848.533
99	/	/	PUNCT	_	_	_	_	_	@vvp1934-words#@vvp1934#848.533#848.844
100	вот	вот	PART	_	_	_	_	_	@vvp1934-words#@vvp1934#848.844#849.155
101	мм	миллиметр	NOUN	_	Animacy=Inan|Case=Gen|Gender=Masc|Number=Sing	_	_	_	@vvp1934-words#@vvp1934#849.155#849.466
102	/	/	PUNCT	_	_	_	_	_	@vvp1934-words#@vvp1934#849.466#849.777
103	для	для	ADP	_	_	_	_	_	@vvp1934-words#@vvp1934#849.777#850.088
104	вас	вы	PRON	_	Case=Gen|Number=Plur|Person=2	_	_	_	@vvp1934-words#@vvp1934#850.088#850.4
105	нет	нет	VERB	_	Aspect=Imp|Mood=Ind|Number=Sing|Person=3|Tense=Pres|VerbForm=Fin|Voice=Act	_	_	_	@vvp1934-words#@vvp1934#858.0#858.45
106	нет	нет	PART	_	_	_	_	_	@vvp1934-words#@vvp1934#858.45#858.9
107	но	но	CCONJ	_	_	_	_	_	@vvp1934-words#@vvp1934#863.6#863.85
108	вы	вы	PRON	_	Case=Nom|Number=Plur|Person=2	_	_	_	@vvp1934-words#@vvp1934#863.85#864.1
109	же	же	PART	_	_	_	_	_	@vvp1934-words#@vvp1934#864.1#864.35
110	сами	сам	ADJ	_	Case=Nom|Degree=Pos|Number=Plur	_	_	_	@vvp1934-words#@vvp1934#864.35#864.6
111	пишите	пишить	VERB	_	Aspect=Perf|Mood=Imp|Number=Plur|Person=2|VerbForm=Fin|Voice=Act	_	_	_	@vvp1934-words#@vvp1934#864.6#864.85
112	слова	слово	NOUN	_	Animacy=Inan|Case=Acc|Gender=Neut|Number=Plur	_	_	_	@vvp1934-words#@vvp1934#864.85#865.1
113	к	к	ADP	_	_	_	_	_	@vvp1934-words#@vvp1934#865.1#865.35
114	своим	свой	DET	_	Case=Dat|Number=Plur	_	_	_	@vvp1934-words#@vvp1934#865.35#865.6
115	песням	песня	NOUN	_	Animacy=Inan|Case=Dat|Gender=Fem|Number=Plur	_	_	_	@vvp1934-words#@vvp1934#865.6#865.9
116	а	а	CCONJ	_	_	_	_	_	@vvp1934-words#@vvp1934#869.7#869.957
117	что	что	PRON	_	Case=Acc	_	_	_	@vvp1934-words#@vvp1934#869.957#870.214
118	значит	значить	VERB	_	Aspect=Imp|Mood=Ind|Number=Sing|Person=3|Tense=Pres|VerbForm=Fin|Voice=Act	_	_	_	@vvp1934-words#@vvp1934#870.214#870.471
119	не	не	PART	_	_	_	_	_	@vvp1934-words#@vvp1934#870.471#870.728
120	считаете	считать	VERB	_	Aspect=Imp|Mood=Ind|Number=Plur|Person=2|Tense=Pres|VerbForm=Fin|Voice=Act	_	_	_	@vvp1934-words#@vvp1934#870.728#870.985
121	себя	себя	PRON	_	Case=Acc	_	_	_	@vvp1934-words#@vvp1934#870.985#871.242
122	поэтом?	поэтом?	PUNCT	_	_	_	_	_	@vvp1934-words#@vvp1934#871.242#871.5
123	а	а	CCONJ	_	_	_	_	_	@vvp1934-words#@vvp1934#874.5#874.866
124	вот	вот	PART	_	_	_	_	_	@vvp1934-words#@vvp1934#874.866#875.232
125	так?	так?	PUNCT	_	_	_	_	_	@vvp1934-words#@vvp1934#875.232#875.6
126	вот	вот	PART	_	_	_	_	_	@vvp1934-words#@vvp1934#902.5#902.836
127	я	я	PRON	_	Case=Nom|Number=Sing|Person=1	_	_	_	@vvp1934-words#@vvp1934#902.836#903.172
128	всегда	всегда	ADV	_	Degree=Pos	_	_	_	@vvp1934-words#@vvp1934#903.172#903.508
129	говорю	говорить	VERB	_	Aspect=Imp|Mood=Ind|Number=Sing|Person=1|Tense=Pres|VerbForm=Fin|Voice=Act	_	_	_	@vvp1934-words#@vvp1934#903.508#903.844
130	/	/	PUNCT	_	_	_	_	_	@vvp1934-words#@vvp1934#903.844#904.18
131	молодым	молодой	ADJ	_	Case=Dat|Degree=Pos|Number=Plur	_	_	_	@vvp1934-words#@vvp1934#904.18#904.516
132	журналистам	журналист	NOUN	_	Animacy=Anim|Case=Dat|Gender=Masc|Number=Plur	_	_	_	@vvp1934-words#@vvp1934#904.516#904.852
133	/	/	PUNCT	_	_	_	_	_	@vvp1934-words#@vvp1934#904.852#905.188
134	особенно	особенно	ADV	_	Degree=Pos	_	_	_	@vvp1934-words#@vvp1934#905.188#905.524
135	телевизионным	телевизионный	ADJ	_	Case=Ins|Degree=Pos|Gender=Neut|Number=Sing	_	_	_	@vvp1934-words#@vvp1934#905.524#905.86
136	потому	потому	ADV	_	Degree=Pos	_	_	_	@vvp1934-words#@vvp1934#905.86#906.196
137	что	что	SCONJ	_	_	_	_	_	@vvp1934-words#@vvp1934#906.196#906.532
138	те	тот	DET	_	Case=Nom|Number=Plur	_	_	_	@vvp1934-words#@vvp1934#906.532#906.868
139	кто	кто	PRON	_	Case=Nom	_	_	_	@vvp1934-words#@vvp1934#906.868#907.204
140	идут	идти	VERB	_	Aspect=Imp|Mood=Ind|Number=Plur|Person=3|Tense=Pres|VerbForm=Fin|Voice=Act	_	_	_	@vvp1934-words#@vvp1934#907.204#907.54
141	на	на	ADP	_	_	_	_	_	@vvp1934-words#@vvp1934#907.54#907.876
142	телевидение	телевидение	NOUN	_	Animacy=Inan|Case=Acc|Gender=Neut|Number=Sing	_	_	_	@vvp1934-words#@vvp1934#907.876#908.212
143	чаще	часто	ADV	_	Degree=Cmp	_	_	_	@vvp1934-words#@vvp1934#908.212#908.548
144	всего	все	PRON	_	Animacy=Inan|Case=Gen|Gender=Neut|Number=Sing	_	_	_	@vvp1934-words#@vvp1934#908.548#908.884
145	идут	идти	VERB	_	Aspect=Imp|Mood=Ind|Number=Plur|Person=3|Tense=Pres|VerbForm=Fin|Voice=Act	_	_	_	@vvp1934-words#@vvp1934#908.884#909.22
146	за	за	ADP	_	_	_	_	_	@vvp1934-words#@vvp1934#909.22#909.556
147	славой	слава	NOUN	_	Animacy=Inan|Case=Ins|Gender=Fem|Number=Sing	_	_	_	@vvp1934-words#@vvp1934#909.556#909.9
148	я	я	PRON	_	Case=Nom|Number=Sing|Person=1	_	_	_	@vvp1934-words#@vvp1934#911.4#911.723
149	им	они	PRON	_	Case=Dat|Number=Plur|Person=3	_	_	_	@vvp1934-words#@vvp1934#911.723#912.046
150	говорю	говорить	VERB	_	Aspect=Imp|Mood=Ind|Number=Sing|Person=1|Tense=Pres|VerbForm=Fin|Voice=Act	_	_	_	@vvp1934-words#@vvp1934#912.046#912.369
151	имейте	иметь	VERB	_	Aspect=Imp|Mood=Imp|Number=Plur|Person=2|VerbForm=Fin|Voice=Act	_	_	_	@vvp1934-words#@vvp1934#912.369#912.692
152	ввиду	ввиду	ADP	_	_	_	_	_	@vvp1934-words#@vvp1934#912.692#913.015
153	что	что	PRON	_	Case=Acc	_	_	_	@vvp1934-words#@vvp1934#913.015#913.338
154	/	/	PUNCT	_	_	_	_	_	@vvp1934-words#@vvp1934#913.338#913.661
155	аа	а	NOUN	_	Animacy=Inan|Case=Nom|Gender=Fem|Number=Sing	_	_	_	@vvp1934-words#@vvp1934#913.661#913.984
156	конечно	конечно	ADV	_	Degree=Pos	_	_	_	@vvp1934-words#@vvp1934#913.984#914.307
157	вы	вы	PRON	_	Case=Nom|Number=Plur|Person=2	_	_	_	@vvp1934-words#@vvp1934#914.307#914.63
158	станете	станть	VERB	_	Aspect=Imp|Mood=Ind|Number=Plur|Person=2|Tense=Pres|VerbForm=Fin|Voice=Act	_	_	_	@vvp1934-words#@vvp1934#914.63#914.953
159	известными	известный	ADJ	_	Case=Ins|Degree=Pos|Number=Plur	_	_	_	@vvp1934-words#@vvp1934#914.953#915.276
160	очень	очень	ADV	_	Degree=Pos	_	_	_	@vvp1934-words#@vvp1934#915.276#915.599
161	быстро	быстро	ADV	_	Degree=Pos	_	_	_	@vvp1934-words#@vvp1934#915.599#915.922
162	потому	потому	ADV	_	Degree=Pos	_	_	_	@vvp1934-words#@vvp1934#915.922#916.245
163	что	что	SCONJ	_	_	_	_	_	@vvp1934-words#@vvp1934#916.245#916.568
164	это	это	DET	_	Case=Nom|Gender=Neut|Number=Sing	_	_	_	@vvp1934-words#@vvp1934#916.568#916.891
165	свойство	свойство	NOUN	_	Animacy=Inan|Case=Nom|Gender=Neut|Number=Sing	_	_	_	@vvp1934-words#@vvp1934#916.891#917.214
166	телевизора	телевизор	NOUN	_	Animacy=Inan|Case=Gen|Gender=Masc|Number=Sing	_	_	_	@vvp1934-words#@vvp1934#917.214#917.55
167	но	но	CCONJ	_	_	_	_	_	@vvp1934-words#@vvp1934#918.6#918.9
168	вас	вы	PRON	_	Case=Acc|Number=Plur|Person=2	_	_	_	@vvp1934-words#@vvp1934#918.9#919.2
169	забудут	забыть	VERB	_	Aspect=Perf|Mood=Ind|Number=Plur|Person=3|Tense=Fut|VerbForm=Fin|Voice=Act	_	_	_	@vvp1934-words#@vvp1934#919.2#919.5
170	с	с	ADP	_	_	_	_	_	@vvp1934-words#@vvp1934#919.5#919.8
171	такой	такой	DET	_	Case=Ins|Gender=Fem|Number=Sing	_	_	_	@vvp1934-words#@vvp1934#919.8#920.1
172	же	же	PART	_	_	_	_	_	@vvp1934-words#@vvp1934#920.1#920.4
173	быстротой	быстротой	NOUN	_	Animacy=Inan|Case=Ins|Gender=Fem|Number=Sing	_	_	_	@vvp1934-words#@vvp1934#920.4#920.7
174	как	как	SCONJ	_	_	_	_	_	@vvp1934-words#@vvp1934#920.7#921.0
175	только	только	PART	_	_	_	_	_	@vvp1934-words#@vvp1934#921.0#921.3
176	вы	вы	PRON	_	Case=Nom|Number=Plur|Person=2	_	_	_	@vvp1934-words#@vvp1934#921.3#921.6
177	уйдёте	уйдёть	VERB	_	Aspect=Perf|Mood=Imp|Number=Plur|Person=2|VerbForm=Fin|Voice=Act	_	_	_	@vvp1934-words#@vvp1934#921.6#921.9
178	с	с	ADP	_	_	_	_	_	@vvp1934-words#@vvp1934#921.9#922.2
179	экрана	экран	NOUN	_	Animacy=Inan|Case=Gen|Gender=Masc|Number=Sing	_	_	_	@vvp1934-words#@vvp1934#922.2#922.5
180	/	/	PUNCT	_	_	_	_	_	@vvp1934-words#@vvp1934#922.5#922.8
181	всё	все	PRON	_	Animacy=Inan|Case=Acc|Gender=Neut|Number=Sing	_	_	_	@vvp1934-words#@vvp1934#922.8#923.1
182	/	/	PUNCT	_	_	_	_	_	@vvp1934-words#@vvp1934#923.1#923.4
183	вас	вы	PRON	_	Case=Acc|Number=Plur|Person=2	_	_	_	@vvp1934-words#@vvp1934#923.4#923.7
184	забудут	забыть	VERB	_	Aspect=Perf|Mood=Ind|Number=Plur|Person=3|Tense=Fut|VerbForm=Fin|Voice=Act	_	_	_	@vvp1934-words#@vvp1934#923.7#924.0
185	через	через	ADP	_	_	_	_	_	@vvp1934-words#@vvp1934#924.0#924.3
186	/	/	PUNCT	_	_	_	_	_	@vvp1934-words#@vvp1934#924.3#924.6
187	нуу	ну	NOUN	_	Animacy=Inan|Case=Acc|Gender=Fem|Number=Sing	_	_	_	@vvp1934-words#@vvp1934#924.6#924.9
188	/	/	PUNCT	_	_	_	_	_	@vvp1934-words#@vvp1934#924.9#925.2
189	полгода	полгод	NOUN	_	Animacy=Anim|Case=Nom|Gender=Masc|Number=Plur	_	_	_	@vvp1934-words#@vvp1934#925.2#925.5
190	это	это	PRON	_	Animacy=Inan|Case=Nom|Gender=Neut|Number=Sing	_	_	_	@vvp1934-words#@vvp1934#925.5#925.8
191	точно	точно	ADV	_	Degree=Pos	_	_	_	@vvp1934-words#@vvp1934#925.8#926.1
192	/	/	PUNCT	_	_	_	_	_	@vvp1934-words#@vvp1934#926.1#926.4
193	год	год	NOUN	_	Animacy=Inan|Case=Acc|Gender=Masc|Number=Sing	_	_	_	@vvp1934-words#@vvp1934#926.4#926.7
194	так	так	ADV	_	Degree=Pos	_	_	_	@vvp1934-words#@vvp1934#926.7#927.0
195	вообще	вообще	ADV	_	Degree=Pos	_	_	_	@vvp1934-words#@vvp1934#927.0#927.3
196	потому	потому	ADV	_	Degree=Pos	_	_	_	@vvp1934-words#@vvp1934#928.6#928.914
197	что	что	SCONJ	_	_	_	_	_	@vvp1934-words#@vvp1934#928.914#929.228
198	мы	мы	PRON	_	Case=Nom|Number=Plur|Person=1	_	_	_	@vvp1934-words#@vvp1934#929.228#929.542
199	ничего	ничто	PRON	_	Case=Gen	_	_	_	@vvp1934-words#@vvp1934#929.542#929.856
200	не	не	PART	_	_	_	_	_	@vvp1934-words#@vvp1934#929.856#930.17
201	создаём	создай	PRON	_	Case=Loc|Gender=Masc|Number=Sing|Person=3	_	_	_	@vvp1934-words#@vvp1934#930.17#930.484
202	/	/	PUNCT	_	_	_	_	_	@vvp1934-words#@vvp1934#930.484#930.798
203	мы	мы	PRON	_	Case=Nom|Number=Plur|Person=1	_	_	_	@vvp1934-words#@vvp1934#930.798#931.112
204	не	не	PART	_	_	_	_	_	@vvp1934-words#@vvp1934#931.112#931.426
205	пишем	писать	VERB	_	Aspect=Imp|Mood=Ind|Number=Plur|Person=1|Tense=Pres|VerbForm=Fin|Voice=Act	_	_	_	@vvp1934-words#@vvp1934#931.426#931.74
206	книг	книга	NOUN	_	Animacy=Inan|Case=Gen|Gender=Fem|Number=Plur	_	_	_	@vvp1934-words#@vvp1934#931.74#932.054
207	/	/	PUNCT	_	_	_	_	_	@vvp1934-words#@vvp1934#932.054#932.368
208	мы	мы	PRON	_	Case=Nom|Number=Plur|Person=1	_	_	_	@vvp1934-words#@vvp1934#932.368#932.682
209	не	не	PART	_	_	_	_	_	@vvp1934-words#@vvp1934#932.682#932.996
210	рисуем	рисовать	VERB	_	Aspect=Imp|Mood=Ind|Number=Plur|Person=1|Tense=Pres|VerbForm=Fin|Voice=Act	_	_	_	@vvp1934-words#@vvp1934#932.996#933.31
211	картин	картина	NOUN	_	Animacy=Inan|Case=Gen|Gender=Fem|Number=Plur	_	_	_	@vvp1934-words#@vvp1934#933.31#933.624
212	/	/	PUNCT	_	_	_	_	_	@vvp1934-words#@vvp1934#933.624#933.938
213	мы	мы	PRON	_	Case=Nom|Number=Plur|Person=1	_	_	_	@vvp1934-words#@vvp1934#933.938#934.252
214	не	не	PART	_	_	_	_	_	@vvp1934-words#@vvp1934#934.252#934.566
215	сочиняем	сочинять	VERB	_	Aspect=Imp|Mood=Ind|Number=Plur|Person=1|Tense=Pres|VerbForm=Fin|Voice=Act	_	_	_	@vvp1934-words#@vvp1934#934.566#934.88
216	музыки	музыка	NOUN	_	Animacy=Inan|Case=Gen|Gender=Fem|Number=Sing	_	_	_	@vvp1934-words#@vvp1934#934.88#935.194
217	/	/	PUNCT	_	_	_	_	_	@vvp1934-words#@vvp1934#935.194#935.508
218	поэтому	поэтому	ADV	_	Degree=Pos	_	_	_	@vvp1934-words#@vvp1934#935.508#935.822
219	да	да	PART	_	_	_	_	_	@vvp1934-words#@vvp1934#935.822#936.136
220	вот	вот	PART	_	_	_	_	_	@vvp1934-words#@vvp1934#936.136#936.45
221	это	этот	PRON	_	Animacy=Inan|Case=Nom|Gender=Neut|Number=Sing	_	_	_	@vvp1934-words#@vvp1934#936.45#936.764
222	телевизор	телевизор	NOUN	_	Animacy=Inan|Case=Nom|Gender=Masc|Number=Sing	_	_	_	@vvp1934-words#@vvp1934#936.764#937.1
223	абсолютно	абсолютно	ADV	_	Degree=Pos	_	_	_	@vvp1934-words#@vvp1934#938.25#938.573
224	сиюминутные	сиюминутный	ADJ	_	Case=Nom|Degree=Pos|Number=Plur	_	_	_	@vvp1934-words#@vvp1934#938.573#938.896
225	/	/	PUNCT	_	_	_	_	_	@vvp1934-words#@vvp1934#938.896#939.219
226	и	и	CCONJ	_	_	_	_	_	@vvp1934-words#@vvp1934#939.219#939.542
227	поэтому	поэтому	ADV	_	Degree=Pos	_	_	_	@vvp1934-words#@vvp1934#939.542#939.865
228	/	/	PUNCT	_	_	_	_	_	@vvp1934-words#@vvp1934#939.865#940.188
229	я	я	PRON	_	Case=Nom|Number=Sing|Person=1	_	_	_	@vvp1934-words#@vvp1934#940.188#940.511
230	говорю	говорить	VERB	_	Aspect=Imp|Mood=Ind|Number=Sing|Person=1|Tense=Pres|VerbForm=Fin|Voice=Act	_	_	_	@vvp1934-words#@vvp1934#940.511#940.834
231	просто	просто	PART	_	_	_	_	_	@vvp1934-words#@vvp1934#940.834#941.157
232	имейте	иметь	VERB	_	Aspect=Imp|Mood=Imp|Number=Plur|Person=2|VerbForm=Fin|Voice=Act	_	_	_	@vvp1934-words#@vvp1934#941.157#941.48
233	ввиду	ввиду	ADP	_	_	_	_	_	@vvp1934-words#@vvp1934#941.48#941.803
234	что	что	PRON	_	Case=Acc	_	_	_	@vvp1934-words#@vvp1934#941.803#942.126
235	если	если	SCONJ	_	_	_	_	_	@vvp1934-words#@vvp1934#942.126#942.449
236	показать	показать	VERB	_	Aspect=Perf|VerbForm=Inf|Voice=Act	_	_	_	@vvp1934-words#@vvp1934#942.449#942.772
237	/	/	PUNCT	_	_	_	_	_	@vvp1934-words#@vvp1934#942.772#943.095
238	лош...	лош...	PROPN	_	Animacy=Anim|Case=Dat|Gender=Fem|Number=Sing	_	_	_	@vvp1934-words#@vvp1934#943.095#943.418
239	лошадиную	лошадиный	ADJ	_	Case=Acc|Degree=Pos|Gender=Fem|Number=Sing	_	_	_	@vvp1934-words#@vvp1934#943.418#943.741
240	задницу	задница	NOUN	_	Animacy=Inan|Case=Acc|Gender=Fem|Number=Sing	_	_	_	@vvp1934-words#@vvp1934#943.741#944.064
241	/	/	PUNCT	_	_	_	_	_	@vvp1934-words#@vvp1934#944.064#944.387
242	каждый	каждый	DET	_	Case=Acc|Gender=Masc|Number=Sing	_	_	_	@vvp1934-words#@vvp1934#944.387#944.71
243	день	день	NOUN	_	Animacy=Inan|Case=Acc|Gender=Masc|Number=Sing	_	_	_	@vvp1934-words#@vvp1934#944.71#945.033
244	на	на	ADP	_	_	_	_	_	@vvp1934-words#@vvp1934#945.033#945.356
245	экране	экран	NOUN	_	Animacy=Inan|Case=Loc|Gender=Masc|Number=Sing	_	_	_	@vvp1934-words#@vvp1934#945.356#945.679
246	её	она	PRON	_	Case=Gen|Gender=Fem|Number=Sing|Person=3	_	_	_	@vvp1934-words#@vvp1934#945.679#946.002
247	тоже	тоже	PART	_	_	_	_	_	@vvp1934-words#@vvp1934#946.002#946.325
248	будут	быть	AUX	_	Aspect=Imp|Mood=Ind|Number=Plur|Person=3|Tense=Pres|VerbForm=Fin|Voice=Act	_	_	_	@vvp1934-words#@vvp1934#946.325#946.648
249	узнавать	узнавать	VERB	_	Aspect=Imp|VerbForm=Inf|Voice=Act	_	_	_	@vvp1934-words#@vvp1934#946.648#946.971
250	а	а	CCONJ	_	_	_	_	_	@vvp1934-words#@vvp1934#946.971#947.294
251	потом	потом	ADV	_	Degree=Pos	_	_	_	@vvp1934-words#@vvp1934#947.294#947.617
252	так	так	ADV	_	Degree=Pos	_	_	_	@vvp1934-words#@vvp1934#947.617#947.94
253	же	же	PART	_	_	_	_	_	@vvp1934-words#@vvp1934#947.94#948.263
254	забудут	забыть	VERB	_	Aspect=Perf|Mood=Ind|Number=Plur|Person=3|Tense=Fut|VerbForm=Fin|Voice=Act	_	_	_	@vvp1934-words#@vvp1934#948.263#948.6
255	вы	вы	PRON	_	Case=Nom|Number=Plur|Person=2	_	_	_	@vvp1934-words#@vvp1934#949.0#949.4
256	другое	другой	ADJ	_	Case=Nom|Degree=Pos|Gender=Neut|Number=Sing	_	_	_	@vvp1934-words#@vvp1934#949.4#949.8
257	дело	дело	NOUN	_	Animacy=Inan|Case=Nom|Gender=Neut|Number=Sing	_	_	_	@vvp1934-words#@vvp1934#949.8#950.2
258	/	/	PUNCT	_	_	_	_	_	@vvp1934-words#@vvp1934#950.2#950.6
259	вы	вы	PRON	_	Case=Nom|Number=Plur|Person=2	_	_	_	@vvp1934-words#@vvp1934#950.6#951.0
260	/	/	PUNCT	_	_	_	_	_	@vvp1934-words#@vvp1934#951.0#951.4
261	сочиняете	сочиняет	VERB	_	Aspect=Imp|Mood=Ind|Number=Plur|Person=2|Tense=Pres|VerbForm=Fin|Voice=Act	_	_	_	@vvp1934-words#@vvp1934#951.4#951.8
262	/	/	PUNCT	_	_	_	_	_	@vvp1934-words#@vvp1934#951.8#952.2
263	вы	вы	PRON	_	Case=Nom|Number=Plur|Person=2	_	_	_	@vvp1934-words#@vvp1934#952.2#952.6
264	пишете	писать	VERB	_	Aspect=Imp|Mood=Ind|Number=Plur|Person=2|Tense=Pres|VerbForm=Fin|Voice=Act	_	_	_	@vvp1934-words#@vvp1934#952.6#953.0
265	песни	песня	NOUN	_	Animacy=Inan|Case=Acc|Gender=Fem|Number=Plur	_	_	_	@vvp1934-words#@vvp1934#953.0#953.4
266	/	/	PUNCT	_	_	_	_	_	@vvp1934-words#@vvp1934#953.4#953.8
267	аа	а	NOUN	_	Animacy=Inan|Case=Gen|Gender=Masc|Number=Sing	_	_	_	@vvp1934-words#@vvp1934#953.8#954.2
268	/	/	PUNCT	_	_	_	_	_	@vvp1934-words#@vvp1934#954.2#954.6
269	ии	ия	NOUN	_	Animacy=Inan|Case=Gen|Gender=Fem|Number=Sing	_	_	_	@vvp1934-words#@vvp1934#954.6#955.0
270	/	/	PUNCT	_	_	_	_	_	@vvp1934-words#@vvp1934#955.0#955.4
271	я	я	PRON	_	Case=Nom|Number=Sing|Person=1	_	_	_	@vvp1934-words#@vvp1934#955.4#955.8
272	всегда	всегда	ADV	_	Degree=Pos	_	_	_	@vvp1934-words#@vvp1934#955.8#956.2
273	думаю	думать	VERB	_	Aspect=Imp|Mood=Ind|Number=Sing|Person=1|Tense=Pres|VerbForm=Fin|Voice=Act	_	_	_	@vvp1934-words#@vvp1934#956.2#956.6
274	/	/	PUNCT	_	_	_	_	_	@vvp1934-words#@vvp1934#956.6#957.0
275	аа	а	NOUN	_	Animacy=Inan|Case=Gen|Gender=Masc|Number=Sing	_	_	_	@vvp1934-words#@vvp1934#957.0#957.4
276	/	/	PUNCT	_	_	_	_	_	@vvp1934-words#@vvp1934#957.4#957.8
277	о	о	ADP	_	_	_	_	_	@vvp1934-words#@vvp1934#957.8#958.2
278	том	то	PRON	_	Animacy=Inan|Case=Loc|Gender=Neut|Number=Sing	_	_	_	@vvp1934-words#@vvp1934#958.2#958.6
279	что	что	SCONJ	_	_	_	_	_	@vvp1934-words#@vvp1934#958.6#959.0
280	говорили	говорить	VERB	_	Aspect=Imp|Mood=Ind|Number=Plur|Tense=Past|VerbForm=Fin|Voice=Act	_	_	_	@vvp1934-words#@vvp1934#959.0#959.4
281	древние	древний	ADJ	_	Case=Nom|Degree=Pos|Number=Plur	_	_	_	@vvp1934-words#@vvp1934#959.4#959.8
282	римляни	римляня	NOUN	_	Animacy=Anim|Case=Nom|Gender=Fem|Number=Plur	_	_	_	@vvp1934-words#@vvp1934#959.8#960.2
283	ars	ars	X	_	Foreign=Yes	_	_	_	@vvp1934-words#@vvp1934#960.2#960.6
284	longa	longa	X	_	Foreign=Yes	_	_	_	@vvp1934-words#@vvp1934#960.6#961.0
285	vita	vita	X	_	Foreign=Yes	_	_	_	@vvp1934-words#@vvp1934#961.0#961.4
286	brevis	brevis	X	_	Foreign=Yes	_	_	_	@vvp1934-words#@vvp1934#961.4#961.8
287	/	/	PUNCT	_	_	_	_	_	@vvp1934-words#@vvp1934#961.8#962.2
288	да?	да?	PUNCT	_	_	_	_	_	@vvp1934-words#@vvp1934#962.2#962.6
289	/	/	PUNCT	_	_	_	_	_	@vvp1934-words#@vvp1934#962.6#963.0
290	искусство	искусство	NOUN	_	Animacy=Inan|Case=Nom|Gender=Neut|Number=Sing	_	_	_	@vvp1934-words#@vvp1934#963.0#963.4
291	вечно	вечный	ADV	_	Degree=Pos	_	_	_	@vvp1934-words#@vvp1934#963.4#963.8
292	жизнь	жизнь	NOUN	_	Animacy=Inan|Case=Acc|Gender=Fem|Number=Sing	_	_	_	@vvp1934-words#@vvp1934#963.8#964.2
293	коротка	коротко	NOUN	_	Animacy=Inan|Case=Gen|Gender=Masc|Number=Sing	_	_	_	@vvp1934-words#@vvp1934#964.2#964.6
294	как	как	ADV	_	Degree=Pos	_	_	_	@vvp1934-words#@vvp1934#965.4#965.9
295	вы	вы	PRON	_	Case=Nom|Number=Plur|Person=2	_	_	_	@vvp1934-words#@vvp1934#965.9#966.4
296	думаете	думать	VERB	_	Aspect=Imp|Mood=Ind|Number=Plur|Person=2|Tense=Pres|VerbForm=Fin|Voice=Act	_	_	_	@vvp1934-words#@vvp1934#966.4#966.9
297	/	/	PUNCT	_	_	_	_	_	@vvp1934-words#@vvp1934#966.9#967.4
298	аа	а	NOUN	_	Animacy=Inan|Case=Nom|Gender=Fem|Number=Sing	_	_	_	@vvp1934-words#@vvp1934#967.4#967.9
299	/	/	PUNCT	_	_	_	_	_	@vvp1934-words#@vvp1934#967.9#968.4
300	и	и	CCONJ	_	_	_	_	_	@vvp1934-words#@vvp1934#968.4#968.9
301	вообще	вообще	ADV	_	Degree=Pos	_	_	_	@vvp1934-words#@vvp1934#968.9#969.4
302	думаете	думать	VERB	_	Aspect=Imp|Mood=Ind|Number=Plur|Person=2|Tense=Pres|VerbForm=Fin|Voice=Act	_	_	_	@vvp1934-words#@vvp1934#969.4#969.9
303	ли	ли	PART	_	_	_	_	_	@vvp1934-words#@vvp1934#969.9#970.4
304	вы	вы	PRON	_	Case=Nom|Number=Plur|Person=2	_	_	_	@vvp1934-words#@vvp1934#970.4#970.9
305	об	о	ADP	_	_	_	_	_	@vvp1934-words#@vvp1934#970.9#971.4
306	этом?	этом?	SYM	_	_	_	_	_	@vvp1934-words#@vvp1934#971.4#971.9
307	аа	ао	NOUN	_	Animacy=Inan|Case=Gen|Gender=Masc|Number=Sing	_	_	_	@vvp1934-words#@vvp1934#972.9#973.0
308	/	/	PUNCT	_	_	_	_	_	@vvp1934-words#@vvp1934#973.0#973.1
309	[нрзб]	[нрзб]	PUNCT	_	_	_	_	_	@vvp1934-words#@vvp1934#973.1#973.2
310	ну	ну	PART	_	_	_	_	_	@vvp1934-words#@vvp1934#973.7#973.99
311	нет	нет	VERB	_	Aspect=Imp|Mood=Ind|Number=Sing|Person=3|Tense=Pres|VerbForm=Fin|Voice=Act	_	_	_	@vvp1934-words#@vvp1934#973.99#974.28
312	/	/	PUNCT	_	_	_	_	_	@vvp1934-words#@vvp1934#974.28#974.57
313	думаете	думать	VERB	_	Aspect=Imp|Mood=Ind|Number=Plur|Person=2|Tense=Pres|VerbForm=Fin|Voice=Act	_	_	_	@vvp1934-words#@vvp1934#974.57#974.86
314	ли	ли	PART	_	_	_	_	_	@vvp1934-words#@vvp1934#974.86#975.15
315	что	что	PRON	_	Case=Nom	_	_	_	@vvp1934-words#@vvp1934#975.15#975.44
316	вас	вы	PRON	_	Case=Acc|Number=Plur|Person=2	_	_	_	@vvp1934-words#@vvp1934#975.44#975.73
317	запомнят	запомнить	VERB	_	Aspect=Imp|Mood=Ind|Number=Plur|Person=3|Tense=Pres|VerbForm=Fin|Voice=Act	_	_	_	@vvp1934-words#@vvp1934#975.73#976.02
318	или	или	CCONJ	_	_	_	_	_	@vvp1934-words#@vvp1934#976.02#976.31
319	нет	нет	PART	_	_	_	_	_	@vvp1934-words#@vvp1934#976.31#976.6
320	не	не	PART	_	_	_	_	_	@vvp1934-words#@vvp1934#977.4#977.6
321	думаете?	думаете?	PUNCT	_	_	_	_	_	@vvp1934-words#@vvp1934#977.6#977.8
322	не	не	PART	_	_	_	_	_	@vvp1934-words#@vvp1934#979.7#979.89
323	ну	ну	PART	_	_	_	_	_	@vvp1934-words#@vvp1934#979.89#980.08
324	я	я	PRON	_	Case=Nom|Number=Sing|Person=1	_	_	_	@vvp1934-words#@vvp1934#980.08#980.27
325	/	/	PUNCT	_	_	_	_	_	@vvp1934-words#@vvp1934#980.27#980.46
326	в	в	ADP	_	_	_	_	_	@vvp1934-words#@vvp1934#980.46#980.65
327	/	/	PUNCT	_	_	_	_	_	@vvp1934-words#@vvp1934#980.65#980.84
328	верю	верить	VERB	_	Aspect=Imp|Mood=Ind|Number=Sing|Person=1|Tense=Pres|VerbForm=Fin|Voice=Act	_	_	_	@vvp1934-words#@vvp1934#980.84#981.03
329	что	что	PRON	_	Case=Acc	_	_	_	@vvp1934-words#@vvp1934#981.03#981.22
330	вы	вы	PRON	_	Case=Nom|Number=Plur|Person=2	_	_	_	@vvp1934-words#@vvp1934#981.22#981.41
331	искренне	искренне	ADV	_	Degree=Pos	_	_	_	@vvp1934-words#@vvp1934#981.41#981.6
332	говорите	говорить	VERB	_	Aspect=Imp|Mood=Ind|Number=Plur|Person=2|Tense=Pres|VerbForm=Fin|Voice=Act	_	_	_	@vvp1934-words#@vvp1934#981.6#981.8
333	да	да	CCONJ	_	_	_	_	_	@vvp1934-words#@vvp1934#982.7#982.9
334	ну	ну	PART	_	_	_	_	_	@vvp1934-words#@vvp1934#984.9#985.179
335	а	а	CCONJ	_	_	_	_	_	@vvp1934-words#@vvp1934#985.179#985.458
336	то	то	PRON	_	Animacy=Inan|Case=Nom|Gender=Neut|Number=Sing	_	_	_	@vvp1934-words#@vvp1934#985.458#985.737
337	чем	что	PRON	_	Case=Ins	_	_	_	@vvp1934-words#@vvp1934#985.737#986.016
338	занимаетесь	заниматься	VERB	_	Aspect=Imp|Mood=Ind|Number=Plur|Person=2|Tense=Pres|VerbForm=Fin|Voice=Mid	_	_	_	@vvp1934-words#@vvp1934#986.016#986.295
339	/	/	PUNCT	_	_	_	_	_	@vvp1934-words#@vvp1934#986.295#986.574
340	это	это	DET	_	Case=Nom|Gender=Neut|Number=Sing	_	_	_	@vvp1934-words#@vvp1934#986.574#986.853
341	искусство	искусство	NOUN	_	Animacy=Inan|Case=Nom|Gender=Neut|Number=Sing	_	_	_	@vvp1934-words#@vvp1934#986.853#987.132
342	с	с	ADP	_	_	_	_	_	@vvp1934-words#@vvp1934#987.132#987.411
343	вашей	ваш	DET	_	Case=Gen|Gender=Fem|Number=Sing	_	_	_	@vvp1934-words#@vvp1934#987.411#987.69
344	точки	точка	NOUN	_	Animacy=Inan|Case=Gen|Gender=Fem|Number=Sing	_	_	_	@vvp1934-words#@vvp1934#987.69#987.969
345	зрения?	зрения?	PUNCT	_	_	_	_	_	@vvp1934-words#@vvp1934#987.969#988.25
346	угу	уга	NOUN	_	Animacy=Anim|Case=Acc|Gender=Fem|Number=Sing	_	_	_	@vvp1934-words#@vvp1934#999.5#999.9
347	чуть-чуть	чуть-чуть	PART	_	_	_	_	_	@vvp1934-words#@vvp1934#1009.9#1010.483
348	сменим	смений	VERB	_	Aspect=Perf|Mood=Ind|Number=Plur|Person=1|Tense=Fut|VerbForm=Fin|Voice=Act	_	_	_	@vvp1934-words#@vvp1934#1010.483#1011.066
349	ракурс	ракурс	NOUN	_	Animacy=Inan|Case=Acc|Gender=Masc|Number=Sing	_	_	_	@vvp1934-words#@vvp1934#1011.066#1011.65
350	несколько	несколько	NUM	_	Animacy=Inan|Case=Acc	_	_	_	@vvp1934-words#@vvp1934#1012.0#1012.263
351	лет	год	NOUN	_	Animacy=Inan|Case=Gen|Gender=Masc|Number=Plur	_	_	_	@vvp1934-words#@vvp1934#1012.263#1012.526
352	тому	то	PRON	_	Animacy=Inan|Case=Dat|Gender=Neut|Number=Sing	_	_	_	@vvp1934-words#@vvp1934#1012.526#1012.789
353	назад	назад	ADV	_	Degree=Pos	_	_	_	@vvp1934-words#@vvp1934#1012.789#1013.052
354	вы	вы	PRON	_	Case=Nom|Number=Plur|Person=2	_	_	_	@vvp1934-words#@vvp1934#1013.052#1013.315
355	решили	решить	VERB	_	Aspect=Perf|Mood=Ind|Number=Plur|Tense=Past|VerbForm=Fin|Voice=Act	_	_	_	@vvp1934-words#@vvp1934#1013.315#1013.578
356	/	/	PUNCT	_	_	_	_	_	@vvp1934-words#@vvp1934#1013.578#1013.841
357	что	что	SCONJ	_	_	_	_	_	@vvp1934-words#@vvp1934#1013.841#1014.104
358	вам	вы	PRON	_	Case=Dat|Number=Plur|Person=2	_	_	_	@vvp1934-words#@vvp1934#1014.104#1014.367
359	надо	надо	ADV	_	Degree=Pos	_	_	_	@vvp1934-words#@vvp1934#1014.367#1014.63
360	учиться	учиться	VERB	_	Aspect=Imp|VerbForm=Inf|Voice=Mid	_	_	_	@vvp1934-words#@vvp1934#1014.63#1014.9
361	да	да	PART	_	_	_	_	_	@vvp1934-words#@vvp1934#1017.6#1017.75
362	/	/	PUNCT	_	_	_	_	_	@vvp1934-words#@vvp1934#1017.75#1017.9
363	да	да	PART	_	_	_	_	_	@vvp1934-words#@vvp1934#1017.9#1018.05
364	/	/	PUNCT	_	_	_	_	_	@vvp1934-words#@vvp1934#1018.05#1018.2
365	но	но	CCONJ	_	_	_	_	_	@vvp1934-words#@vvp1934#1018.2#1018.35
366	всё-таки	все-таки	PART	_	_	_	_	_	@vvp1934-words#@vvp1934#1018.35#1018.5
367	и	и	PART	_	_	_	_	_	@vvp1934-words#@vvp1934#1018.9#1019.322
368	вы	вы	PRON	_	Case=Nom|Number=Plur|Person=2	_	_	_	@vvp1934-words#@vvp1934#1019.322#1019.744
369	поступили	поступить	VERB	_	Aspect=Perf|Mood=Ind|Number=Plur|Tense=Past|VerbForm=Fin|Voice=Act	_	_	_	@vvp1934-words#@vvp1934#1019.744#1020.166
370	на	на	ADP	_	_	_	_	_	@vvp1934-words#@vvp1934#1020.166#1020.588
371	философский	философский	ADJ	_	Animacy=Inan|Case=Acc|Degree=Pos|Gender=Masc|Number=Sing	_	_	_	@vvp1934-words#@vvp1934#1020.588#1021.01
372	факультет	факультет	NOUN	_	Animacy=Inan|Case=Acc|Gender=Masc|Number=Sing	_	_	_	@vvp1934-words#@vvp1934#1021.01#1021.432
373	Московского	московский	ADJ	_	Case=Gen|Degree=Pos|Gender=Masc|Number=Sing	_	_	_	@vvp1934-words#@vvp1934#1021.432#1021.854
374	Государственного	государственный	ADJ	_	Case=Gen|Degree=Pos|Gender=Masc|Number=Sing	_	_	_	@vvp1934-words#@vvp1934#1021.854#1022.276
375	Университета	университет	PROPN	_	Animacy=Inan|Case=Gen|Gender=Masc|Number=Sing	_	_	_	@vvp1934-words#@vvp1934#1022.276#1022.698
376	/	/	PUNCT	_	_	_	_	_	@vvp1934-words#@vvp1934#1022.698#1023.12
377	окончили?	окончили?	PUNCT	_	_	_	_	_	@vvp1934-words#@vvp1934#1023.12#1023.55
378	сколько?	сколько?	SYM	_	_	_	_	_	@vvp1934-words#@vvp1934#1027.0#1027.599
379	один	один	NUM	_	Case=Nom|Gender=Masc	_	_	_	@vvp1934-words#@vvp1934#1028.65#1028.983
380	/	/	PUNCT	_	_	_	_	_	@vvp1934-words#@vvp1934#1028.983#1029.316
381	#цокает#	#цокает#	NOUN	_	Animacy=Inan|Case=Gen|Gender=Fem|Number=Sing	_	_	_	@vvp1934-words#@vvp1934#1029.316#1029.649
382	/	/	PUNCT	_	_	_	_	_	@vvp1934-words#@vvp1934#1029.649#1029.982
383	потому	потому	ADV	_	Degree=Pos	_	_	_	@vvp1934-words#@vvp1934#1029.982#1030.315
384	что?	что?	PUNCT	_	_	_	_	_	@vvp1934-words#@vvp1934#1030.315#1030.65
385	да	да	CCONJ	_	_	_	_	_	@vvp1934-words#@vvp1934#1037.4#1037.65
386	и	и	PART	_	_	_	_	_	@vvp1934-words#@vvp1934#1043.25#1043.625
387	#одновременно#	#одновременно#	NOUN	_	Animacy=Inan|Case=Gen|Gender=Fem|Number=Sing	_	_	_	@vvp1934-words#@vvp1934#1043.625#1044.0
388	и	и	CCONJ	_	_	_	_	_	@vvp1934-words#@vvp1934#1044.65#1044.933
389	не	не	PART	_	_	_	_	_	@vvp1934-words#@vvp1934#1044.933#1045.216
390	вернулись	вернуться	VERB	_	Aspect=Perf|Mood=Ind|Number=Plur|Tense=Past|VerbForm=Fin|Voice=Mid	_	_	_	@vvp1934-words#@vvp1934#1045.216#1045.5
391	а	а	CCONJ	_	_	_	_	_	@vvp1934-words#@vvp1934#1048.15#1048.45
392	да?	да?	PUNCT	_	_	_	_	_	@vvp1934-words#@vvp1934#1048.45#1048.75
393	да	да	PART	_	_	_	_	_	@vvp1934-words#@vvp1934#1058.6#1059.35
394	да	да	PART	_	_	_	_	_	@vvp1934-words#@vvp1934#1066.1#1066.3
395	неужели	неужели	PART	_	_	_	_	_	@vvp1934-words#@vvp1934#1072.1#1072.483
396	вы	вы	PRON	_	Case=Nom|Number=Plur|Person=2	_	_	_	@vvp1934-words#@vvp1934#1072.483#1072.866
397	мне	я	PRON	_	Case=Dat|Number=Sing|Person=1	_	_	_	@vvp1934-words#@vvp1934#1072.866#1073.249
398	скажите	сказать	VERB	_	Aspect=Perf|Mood=Imp|Number=Plur|Person=2|VerbForm=Fin|Voice=Act	_	_	_	@vvp1934-words#@vvp1934#1073.249#1073.632
399	что	что	SCONJ	_	_	_	_	_	@vvp1934-words#@vvp1934#1073.632#1074.015
400	они	они	PRON	_	Case=Nom|Number=Plur|Person=3	_	_	_	@vvp1934-words#@vvp1934#1074.015#1074.398
401	не	не	PART	_	_	_	_	_	@vvp1934-words#@vvp1934#1074.398#1074.781
402	очень	очень	ADV	_	Degree=Pos	_	_	_	@vvp1934-words#@vvp1934#1074.781#1075.164
403	#одновременно#	#одновременно#	NOUN	_	Animacy=Inan|Case=Gen|Gender=Fem|Number=Sing	_	_	_	@vvp1934-words#@vvp1934#1075.164#1075.55
404	так	так	ADV	_	Degree=Pos	_	_	_	@vvp1934-words#@vvp1934#1077.4#1077.9
405	ну	ну	PART	_	_	_	_	_	@vvp1934-words#@vvp1934#1080.3#1080.6
406	естественно	естественный	ADV	_	Degree=Pos	_	_	_	@vvp1934-words#@vvp1934#1081.4#1081.9
407	так	так	ADV	_	Degree=Pos	_	_	_	@vvp1934-words#@vvp1934#1086.8#1087.1
408	#цокает#	#цокает#	NOUN	_	Animacy=Inan|Case=Gen|Gender=Fem|Number=Sing	_	_	_	@vvp1934-words#@vvp1934#1097.2#1097.4
409	/	/	PUNCT	_	_	_	_	_	@vvp1934-words#@vvp1934#1097.4#1097.6
410	ну	ну	PART	_	_	_	_	_	@vvp1934-words#@vvp1934#1097.6#1097.8
411	да	да	PART	_	_	_	_	_	@vvp1934-words#@vvp1934#1097.8#1098.0
412	ну	ну	PART	_	_	_	_	_	@ztr1976-words#@ztr1976#797.2#797.488
413	лучшие	лучший	ADJ	_	Case=Nom|Degree=Pos|Number=Plur	_	_	_	@ztr1976-words#@ztr1976#797.488#797.776
414	песни	песня	NOUN	_	Animacy=Inan|Case=Nom|Gender=Fem|Number=Plur	_	_	_	@ztr1976-words#@ztr1976#797.776#798.064
415	получаются	получаться	VERB	_	Aspect=Imp|Mood=Ind|Number=Plur|Person=3|Tense=Pres|VerbForm=Fin|Voice=Mid	_	_	_	@ztr1976-words#@ztr1976#798.064#798.352
416	когда	когда	SCONJ	_	_	_	_	_	@ztr1976-words#@ztr1976#798.352#798.64
417	ты	ты	PRON	_	Case=Nom|Number=Sing|Person=2	_	_	_	@ztr1976-words#@ztr1976#798.64#798.928
418	сразу	сразу	ADV	_	Degree=Pos	_	_	_	@ztr1976-words#@ztr1976#798.928#799.216
419	/	/	PUNCT	_	_	_	_	_	@ztr1976-words#@ztr1976#799.216#799.504
420	когда	когда	SCONJ	_	_	_	_	_	@ztr1976-words#@ztr1976#799.504#799.792
421	к	к	ADP	_	_	_	_	_	@ztr1976-words#@ztr1976#799.792#800.08
422	тебе	ты	PRON	_	Case=Dat|Number=Sing|Person=2	_	_	_	@ztr1976-words#@ztr1976#800.08#800.368
423	приходит	приходить	VERB	_	Aspect=Imp|Mood=Ind|Number=Sing|Person=3|Tense=Pres|VerbForm=Fin|Voice=Act	_	_	_	@ztr1976-words#@ztr1976#800.368#800.656
424	/	/	PUNCT	_	_	_	_	_	@ztr1976-words#@ztr1976#800.656#800.944
425	ээ	ээ	INTJ	_	_	_	_	_	@ztr1976-words#@ztr1976#800.944#801.232
426	/	/	PUNCT	_	_	_	_	_	@ztr1976-words#@ztr1976#801.232#801.52
427	сразу	сразу	ADV	_	Degree=Pos	_	_	_	@ztr1976-words#@ztr1976#801.52#801.808
428	/	/	PUNCT	_	_	_	_	_	@ztr1976-words#@ztr1976#801.808#802.096
429	э	эра	INTJ	_	_	_	_	_	@ztr1976-words#@ztr1976#802.096#802.384
430	/	/	PUNCT	_	_	_	_	_	@ztr1976-words#@ztr1976#802.384#802.672
431	мелодическая	мелодический	ADJ	_	Case=Nom|Degree=Pos|Gender=Fem|Number=Sing	_	_	_	@ztr1976-words#@ztr1976#802.672#802.96
432	/	/	PUNCT	_	_	_	_	_	@ztr1976-words#@ztr1976#802.96#803.248
433	строчка	строчка	NOUN	_	Animacy=Inan|Case=Nom|Gender=Fem|Number=Sing	_	_	_	@ztr1976-words#@ztr1976#803.248#803.536
434	вместе	вместе	ADV	_	Degree=Pos	_	_	_	@ztr1976-words#@ztr1976#803.536#803.824
435	с	с	ADP	_	_	_	_	_	@ztr1976-words#@ztr1976#803.824#804.112
436	текстом	текст	NOUN	_	Animacy=Inan|Case=Ins|Gender=Masc|Number=Sing	_	_	_	@ztr1976-words#@ztr1976#804.112#804.4
437	это	это	PRON	_	Animacy=Inan|Case=Nom|Gender=Neut|Number=Sing	_	_	_	@ztr1976-words#@ztr1976#805.0#805.295
438	может	мочь	VERB	_	Aspect=Imp|Mood=Ind|Number=Sing|Person=3|Tense=Pres|VerbForm=Fin|Voice=Act	_	_	_	@ztr1976-words#@ztr1976#805.295#805.59
439	быть	быть	AUX	_	Aspect=Imp|VerbForm=Inf|Voice=Act	_	_	_	@ztr1976-words#@ztr1976#805.59#805.885
440	одна	один	NUM	_	Case=Nom|Gender=Fem	_	_	_	@ztr1976-words#@ztr1976#805.885#806.18
441	строчка	строчка	NOUN	_	Animacy=Anim|Case=Nom|Gender=Fem|Number=Sing	_	_	_	@ztr1976-words#@ztr1976#806.18#806.475
442	/	/	PUNCT	_	_	_	_	_	@ztr1976-words#@ztr1976#806.475#806.77
443	ну	ну	PART	_	_	_	_	_	@ztr1976-words#@ztr1976#806.77#807.065
444	может	мочь	VERB	_	Aspect=Imp|Mood=Ind|Number=Sing|Person=3|Tense=Pres|VerbForm=Fin|Voice=Act	_	_	_	@ztr1976-words#@ztr1976#807.065#807.36
445	быть	быть	VERB	_	Aspect=Imp|VerbForm=Inf|Voice=Act	_	_	_	@ztr1976-words#@ztr1976#807.36#807.655
446	сразу	сразу	ADV	_	Degree=Pos	_	_	_	@ztr1976-words#@ztr1976#807.655#807.95
447	четыре	четыре	NUM	_	Animacy=Inan|Case=Acc	_	_	_	@ztr1976-words#@ztr1976#807.95#808.25
448	#цокает#	#цокает#	NOUN	_	Animacy=Inan|Case=Gen|Gender=Fem|Number=Sing	_	_	_	@ztr1976-words#@ztr1976#809.7#809.947
449	и	и	CCONJ	_	_	_	_	_	@ztr1976-words#@ztr1976#809.947#810.194
450	получаются	получаться	VERB	_	Aspect=Imp|Mood=Ind|Number=Plur|Person=3|Tense=Pres|VerbForm=Fin|Voice=Mid	_	_	_	@ztr1976-words#@ztr1976#810.194#810.441
451	лучшие	лучший	ADJ	_	Case=Nom|Degree=Pos|Number=Plur	_	_	_	@ztr1976-words#@ztr1976#810.441#810.688
452	песни	песня	NOUN	_	Animacy=Inan|Case=Nom|Gender=Fem|Number=Plur	_	_	_	@ztr1976-words#@ztr1976#810.688#810.935
453	/	/	PUNCT	_	_	_	_	_	@ztr1976-words#@ztr1976#810.935#811.182
454	ну	ну	PART	_	_	_	_	_	@ztr1976-words#@ztr1976#811.182#811.429
455	лучшие	лучший	ADJ	_	Case=Nom|Degree=Pos|Number=Plur	_	_	_	@ztr1976-words#@ztr1976#811.429#811.676
456	песни	песня	NOUN	_	Animacy=Inan|Case=Nom|Gender=Fem|Number=Plur	_	_	_	@ztr1976-words#@ztr1976#811.676#811.923
457	те	тот	DET	_	Case=Nom|Number=Plur	_	_	_	@ztr1976-words#@ztr1976#811.923#812.17
458	которые	который	PRON	_	Case=Acc	_	_	_	@ztr1976-words#@ztr1976#812.17#812.417
459	ты	ты	PRON	_	Case=Nom|Number=Sing|Person=2	_	_	_	@ztr1976-words#@ztr1976#812.417#812.664
460	написал	писать	VERB	_	Aspect=Perf|Gender=Masc|Mood=Ind|Number=Sing|Tense=Past|VerbForm=Fin|Voice=Act	_	_	_	@ztr1976-words#@ztr1976#812.664#812.911
461	очень	очень	ADV	_	Degree=Pos	_	_	_	@ztr1976-words#@ztr1976#812.911#813.158
462	быстро	быстро	ADV	_	Degree=Pos	_	_	_	@ztr1976-words#@ztr1976#813.158#813.405
463	/	/	PUNCT	_	_	_	_	_	@ztr1976-words#@ztr1976#813.405#813.652
464	за	за	ADP	_	_	_	_	_	@ztr1976-words#@ztr1976#813.652#813.899
465	пять	пять	NUM	_	Case=Acc	_	_	_	@ztr1976-words#@ztr1976#813.899#814.146
466	минут	минута	NOUN	_	Animacy=Inan|Case=Gen|Gender=Fem|Number=Plur	_	_	_	@ztr1976-words#@ztr1976#814.146#814.4
467	да	да	CCONJ	_	_	_	_	_	@ztr1976-words#@ztr1976#836.4#836.55
468	да	да	PART	_	_	_	_	_	@ztr1976-words#@ztr1976#837.5#837.65
469	ну	ну	PART	_	_	_	_	_	@ztr1976-words#@ztr1976#845.3#845.566
470	конечно	конечно	ADV	_	Degree=Pos	_	_	_	@ztr1976-words#@ztr1976#845.566#845.832
471	слова	слово	NOUN	_	Animacy=Inan|Case=Acc|Gender=Neut|Number=Plur	_	_	_	@ztr1976-words#@ztr1976#845.832#846.1
472	конечно	конечно	ADV	_	Degree=Pos	_	_	_	@ztr1976-words#@ztr1976#846.5#847.1
473	бард	бард	NOUN	_	Animacy=Inan|Case=Acc|Gender=Masc|Number=Sing	_	_	_	@ztr1976-words#@ztr1976#850.5#850.863
474	он	он	PRON	_	Case=Nom|Gender=Masc|Number=Sing|Person=3	_	_	_	@ztr1976-words#@ztr1976#850.863#851.226
475	вообще	вообще	ADV	_	Degree=Pos	_	_	_	@ztr1976-words#@ztr1976#851.226#851.589
476	не	не	PART	_	_	_	_	_	@ztr1976-words#@ztr1976#851.589#851.952
477	предполагает	предполагать	VERB	_	Aspect=Imp|Mood=Ind|Number=Sing|Person=3|Tense=Pres|VerbForm=Fin|Voice=Act	_	_	_	@ztr1976-words#@ztr1976#851.952#852.315
478	/	/	PUNCT	_	_	_	_	_	@ztr1976-words#@ztr1976#852.315#852.678
479	к	ка	ADP	_	_	_	_	_	@ztr1976-words#@ztr1976#852.678#853.041
480	/	/	PUNCT	_	_	_	_	_	@ztr1976-words#@ztr1976#853.041#853.404
481	каких-то	какой-то	DET	_	Case=Gen|Number=Plur	_	_	_	@ztr1976-words#@ztr1976#853.404#853.767
482	музыкальных	музыкальный	ADJ	_	Case=Gen|Degree=Pos|Number=Plur	_	_	_	@ztr1976-words#@ztr1976#853.767#854.13
483	феерий	феерия	NOUN	_	Animacy=Inan|Case=Gen|Gender=Fem|Number=Plur	_	_	_	@ztr1976-words#@ztr1976#854.13#854.5
484	но	но	CCONJ	_	_	_	_	_	@ztr1976-words#@ztr1976#856.4#856.65
485	я	я	PRON	_	Case=Nom|Number=Sing|Person=1	_	_	_	@ztr1976-words#@ztr1976#856.65#856.9
486	не	не	PART	_	_	_	_	_	@ztr1976-words#@ztr1976#856.9#857.15
487	могу	мочь	VERB	_	Aspect=Imp|Mood=Ind|Number=Sing|Person=1|Tense=Pres|VerbForm=Fin|Voice=Act	_	_	_	@ztr1976-words#@ztr1976#857.15#857.4
488	к	к	ADP	_	_	_	_	_	@ztr1976-words#@ztr1976#857.4#857.65
489	себе	себя	PRON	_	Case=Dat	_	_	_	@ztr1976-words#@ztr1976#857.65#857.9
490	относиться	относиться	VERB	_	Aspect=Imp|VerbForm=Inf|Voice=Mid	_	_	_	@ztr1976-words#@ztr1976#857.9#858.15
491	серьёзно	серьёзно	ADV	_	Degree=Pos	_	_	_	@ztr1976-words#@ztr1976#858.15#858.4
492	[нрзб]	[нрзб]	PUNCT	_	_	_	_	_	@ztr1976-words#@ztr1976#858.5#858.706
493	я	я	PRON	_	Case=Nom|Number=Sing|Person=1	_	_	_	@ztr1976-words#@ztr1976#858.706#858.912
494	не	не	PART	_	_	_	_	_	@ztr1976-words#@ztr1976#858.912#859.118
495	отношусь	относиться	VERB	_	Aspect=Imp|Mood=Ind|Number=Sing|Person=1|Tense=Pres|VerbForm=Fin|Voice=Mid	_	_	_	@ztr1976-words#@ztr1976#859.118#859.324
496	к	к	ADP	_	_	_	_	_	@ztr1976-words#@ztr1976#859.324#859.53
497	себе	себя	PRON	_	Case=Dat	_	_	_	@ztr1976-words#@ztr1976#859.53#859.736
498	серьёзно	серьёзно	ADV	_	Degree=Pos	_	_	_	@ztr1976-words#@ztr1976#859.736#859.942
499	как	как	SCONJ	_	_	_	_	_	@ztr1976-words#@ztr1976#859.942#860.148
500	/	/	PUNCT	_	_	_	_	_	@ztr1976-words#@ztr1976#860.148#860.354
501	э	эра	INTJ	_	_	_	_	_	@ztr1976-words#@ztr1976#860.354#860.56
502	/	/	PUNCT	_	_	_	_	_	@ztr1976-words#@ztr1976#860.56#860.766
503	я	я	PRON	_	Case=Nom|Number=Sing|Person=1	_	_	_	@ztr1976-words#@ztr1976#860.766#860.972
504	не	не	PART	_	_	_	_	_	@ztr1976-words#@ztr1976#860.972#861.178
505	считаю	считать	VERB	_	Aspect=Imp|Mood=Ind|Number=Sing|Person=1|Tense=Pres|VerbForm=Fin|Voice=Act	_	_	_	@ztr1976-words#@ztr1976#861.178#861.384
506	себя	себя	PRON	_	Case=Acc	_	_	_	@ztr1976-words#@ztr1976#861.384#861.6
507	поэтом	поэтом	NOUN	_	Animacy=Anim|Case=Ins|Gender=Masc|Number=Sing	_	_	_	@ztr1976-words#@ztr1976#863.0#863.55
508	да	да	PART	_	_	_	_	_	@ztr1976-words#@ztr1976#865.1#865.4
509	да	да	PART	_	_	_	_	_	@ztr1976-words#@ztr1976#866.7#866.907
510	/	/	PUNCT	_	_	_	_	_	@ztr1976-words#@ztr1976#866.907#867.114
511	но	но	CCONJ	_	_	_	_	_	@ztr1976-words#@ztr1976#867.114#867.321
512	я	я	PRON	_	Case=Nom|Number=Sing|Person=1	_	_	_	@ztr1976-words#@ztr1976#867.321#867.528
513	не	не	PART	_	_	_	_	_	@ztr1976-words#@ztr1976#867.528#867.735
514	считаю	считать	VERB	_	Aspect=Imp|Mood=Ind|Number=Sing|Person=1|Tense=Pres|VerbForm=Fin|Voice=Act	_	_	_	@ztr1976-words#@ztr1976#867.735#867.942
515	себя	себя	PRON	_	Case=Acc	_	_	_	@ztr1976-words#@ztr1976#867.942#868.149
516	поэтом	поэт	NOUN	_	Animacy=Anim|Case=Ins|Gender=Masc|Number=Sing	_	_	_	@ztr1976-words#@ztr1976#868.149#868.356
517	/	/	PUNCT	_	_	_	_	_	@ztr1976-words#@ztr1976#868.356#868.563
518	я	я	PRON	_	Case=Nom|Number=Sing|Person=1	_	_	_	@ztr1976-words#@ztr1976#868.563#868.77
519	пишу	писать	VERB	_	Aspect=Imp|Mood=Ind|Number=Sing|Person=1|Tense=Pres|VerbForm=Fin|Voice=Act	_	_	_	@ztr1976-words#@ztr1976#868.77#868.977
520	именно	именно	PART	_	_	_	_	_	@ztr1976-words#@ztr1976#868.977#869.184
521	что	что	SCONJ	_	_	_	_	_	@ztr1976-words#@ztr1976#869.184#869.391
522	тексты	текст	NOUN	_	Animacy=Inan|Case=Nom|Gender=Masc|Number=Plur	_	_	_	@ztr1976-words#@ztr1976#869.391#869.6
523	ммм	мм	NOUN	_	Animacy=Inan|Case=Gen|Gender=Masc|Number=Sing	_	_	_	@ztr1976-words#@ztr1976#871.5#871.811
524	/	/	PUNCT	_	_	_	_	_	@ztr1976-words#@ztr1976#871.811#872.122
525	не	не	PART	_	_	_	_	_	@ztr1976-words#@ztr1976#872.122#872.433
526	оцениваю	оценивать	VERB	_	Aspect=Imp|Mood=Ind|Number=Sing|Person=1|Tense=Pres|VerbForm=Fin|Voice=Act	_	_	_	@ztr1976-words#@ztr1976#872.433#872.744
527	свои	свой	DET	_	Case=Nom|Number=Plur	_	_	_	@ztr1976-words#@ztr1976#872.744#873.055
528	тексты	текст	NOUN	_	Animacy=Inan|Case=Nom|Gender=Masc|Number=Plur	_	_	_	@ztr1976-words#@ztr1976#873.055#873.366
529	/	/	PUNCT	_	_	_	_	_	@ztr1976-words#@ztr1976#873.366#873.677
530	как	как	SCONJ	_	_	_	_	_	@ztr1976-words#@ztr1976#873.677#873.988
531	поэзию	поэзия	NOUN	_	Animacy=Inan|Case=Acc|Gender=Fem|Number=Sing	_	_	_	@ztr1976-words#@ztr1976#873.988#874.3
532	да	да	PART	_	_	_	_	_	@ztr1976-words#@ztr1976#875.15#875.3
533	поэтому	поэтому	ADV	_	Degree=Pos	_	_	_	@ztr1976-words#@ztr1976#877.2#877.488
534	/	/	PUNCT	_	_	_	_	_	@ztr1976-words#@ztr1976#877.488#877.776
535	мм	миллиметр	NOUN	_	Animacy=Inan|Case=Acc|Gender=Fem|Number=Sing	_	_	_	@ztr1976-words#@ztr1976#877.776#878.064
536	/	/	PUNCT	_	_	_	_	_	@ztr1976-words#@ztr1976#878.064#878.352
537	ну	ну	PART	_	_	_	_	_	@ztr1976-words#@ztr1976#878.352#878.64
538	и	и	CCONJ	_	_	_	_	_	@ztr1976-words#@ztr1976#878.64#878.928
539	музыкой	музыка	NOUN	_	Animacy=Inan|Case=Ins|Gender=Fem|Number=Sing	_	_	_	@ztr1976-words#@ztr1976#878.928#879.216
540	мне	я	PRON	_	Case=Dat|Number=Sing|Person=1	_	_	_	@ztr1976-words#@ztr1976#879.216#879.504
541	заниматься	заниматься	VERB	_	Aspect=Imp|VerbForm=Inf|Voice=Mid	_	_	_	@ztr1976-words#@ztr1976#879.504#879.792
542	не	не	PART	_	_	_	_	_	@ztr1976-words#@ztr1976#879.792#880.08
543	то	то	PRON	_	Animacy=Inan|Case=Nom|Gender=Neut|Number=Sing	_	_	_	@ztr1976-words#@ztr1976#880.08#880.368
544	чтобы	чтобы	SCONJ	_	Mood=Cnd	_	_	_	@ztr1976-words#@ztr1976#880.368#880.656
545	легче	легкий	ADJ	_	Degree=Cmp	_	_	_	@ztr1976-words#@ztr1976#880.656#880.944
546	/	/	PUNCT	_	_	_	_	_	@ztr1976-words#@ztr1976#880.944#881.232
547	а	а	CCONJ	_	_	_	_	_	@ztr1976-words#@ztr1976#881.232#881.52
548	просто	просто	PART	_	_	_	_	_	@ztr1976-words#@ztr1976#881.52#881.808
549	понятнее	понятный	ADJ	_	Degree=Cmp	_	_	_	@ztr1976-words#@ztr1976#881.808#882.1
550	потому	потому	ADV	_	Degree=Pos	_	_	_	@ztr1976-words#@ztr1976#883.75#884.109
551	что	что	SCONJ	_	_	_	_	_	@ztr1976-words#@ztr1976#884.109#884.468
552	ммм	мм	NOUN	_	Animacy=Inan|Case=Nom|Gender=Masc|Number=Sing	_	_	_	@ztr1976-words#@ztr1976#884.468#884.827
553	музыкой	музыка	NOUN	_	Animacy=Inan|Case=Ins|Gender=Fem|Number=Sing	_	_	_	@ztr1976-words#@ztr1976#884.827#885.186
554	я	я	PRON	_	Case=Nom|Number=Sing|Person=1	_	_	_	@ztr1976-words#@ztr1976#885.186#885.545
555	могу	мочь	VERB	_	Aspect=Imp|Mood=Ind|Number=Sing|Person=1|Tense=Pres|VerbForm=Fin|Voice=Act	_	_	_	@ztr1976-words#@ztr1976#885.545#885.904
556	заниматься	заниматься	VERB	_	Aspect=Imp|VerbForm=Inf|Voice=Mid	_	_	_	@ztr1976-words#@ztr1976#885.904#886.263
557	в	в	ADP	_	_	_	_	_	@ztr1976-words#@ztr1976#886.263#886.622
558	качестве	качество	NOUN	_	Animacy=Inan|Case=Loc|Gender=Neut|Number=Sing	_	_	_	@ztr1976-words#@ztr1976#886.622#886.981
559	хобби	хобби	NOUN	_	Animacy=Inan|Case=Gen|Gender=Neut|Number=Sing	_	_	_	@ztr1976-words#@ztr1976#886.981#887.34
560	чтобы	чтобы	SCONJ	_	Mood=Cnd	_	_	_	@ztr1976-words#@ztr1976#887.34#887.699
561	успокоиться	успокоиться	VERB	_	Aspect=Perf|VerbForm=Inf|Voice=Mid	_	_	_	@ztr1976-words#@ztr1976#887.699#888.058
562	/	/	PUNCT	_	_	_	_	_	@ztr1976-words#@ztr1976#888.058#888.417
563	мм	миллиметр	NOUN	_	Animacy=Inan|Case=Acc|Gender=Fem|Number=Sing	_	_	_	@ztr1976-words#@ztr1976#888.417#888.776
564	/	/	PUNCT	_	_	_	_	_	@ztr1976-words#@ztr1976#888.776#889.135
565	просто	просто	PART	_	_	_	_	_	@ztr1976-words#@ztr1976#889.135#889.494
566	что-то	что-то	PRON	_	Case=Acc	_	_	_	@ztr1976-words#@ztr1976#889.494#889.853
567	записывать	записывать	VERB	_	Aspect=Imp|VerbForm=Inf|Voice=Act	_	_	_	@ztr1976-words#@ztr1976#889.853#890.212
568	наигрывать	наигрывать	VERB	_	Aspect=Imp|VerbForm=Inf|Voice=Act	_	_	_	@ztr1976-words#@ztr1976#890.212#890.571
569	настукивать	настукивать	VERB	_	Aspect=Imp|VerbForm=Inf|Voice=Act	_	_	_	@ztr1976-words#@ztr1976#890.571#890.93
570	/	/	PUNCT	_	_	_	_	_	@ztr1976-words#@ztr1976#890.93#891.289
571	аа	а	NOUN	_	Animacy=Inan|Case=Gen|Gender=Masc|Number=Sing	_	_	_	@ztr1976-words#@ztr1976#891.289#891.648
572	поэзия	поэзия	NOUN	_	Animacy=Inan|Case=Gen|Gender=Neut|Number=Sing	_	_	_	@ztr1976-words#@ztr1976#891.648#892.007
573	это	это	PRON	_	Animacy=Inan|Case=Nom|Gender=Neut|Number=Sing	_	_	_	@ztr1976-words#@ztr1976#892.007#892.366
574	ну	ну	PART	_	_	_	_	_	@ztr1976-words#@ztr1976#892.366#892.725
575	[нрзб]	[нрзб]	PUNCT	_	_	_	_	_	@ztr1976-words#@ztr1976#892.725#893.084
576	/	/	PUNCT	_	_	_	_	_	@ztr1976-words#@ztr1976#893.084#893.443
577	а	а	CCONJ	_	_	_	_	_	@ztr1976-words#@ztr1976#893.443#893.802
578	в	в	ADP	_	_	_	_	_	@ztr1976-words#@ztr1976#893.802#894.161
579	/	/	PUNCT	_	_	_	_	_	@ztr1976-words#@ztr1976#894.161#894.52
580	вер...	вер...	PROPN	_	Animacy=Anim|Case=Dat|Gender=Fem|Number=Sing	_	_	_	@ztr1976-words#@ztr1976#894.52#894.879
581	вернее	верный	ADV	_	Degree=Cmp	_	_	_	@ztr1976-words#@ztr1976#894.879#895.238
582	а	а	CCONJ	_	_	_	_	_	@ztr1976-words#@ztr1976#895.238#895.597
583	тексты	текст	NOUN	_	Animacy=Inan|Case=Nom|Gender=Masc|Number=Plur	_	_	_	@ztr1976-words#@ztr1976#895.597#895.956
584	/	/	PUNCT	_	_	_	_	_	@ztr1976-words#@ztr1976#895.956#896.315
585	мне	я	PRON	_	Case=Dat|Number=Sing|Person=1	_	_	_	@ztr1976-words#@ztr1976#896.315#896.674
586	нужно	нужный	ADJ	_	Degree=Pos|Gender=Neut|Number=Sing|Variant=Short	_	_	_	@ztr1976-words#@ztr1976#896.674#897.033
587	написать	писать	VERB	_	Aspect=Perf|VerbForm=Inf|Voice=Act	_	_	_	@ztr1976-words#@ztr1976#897.033#897.392
588	определённый	определённый	ADJ	_	Animacy=Inan|Case=Acc|Degree=Pos|Gender=Masc|Number=Sing	_	_	_	@ztr1976-words#@ztr1976#897.392#897.751
589	текст	текст	NOUN	_	Animacy=Inan|Case=Acc|Gender=Masc|Number=Sing	_	_	_	@ztr1976-words#@ztr1976#897.751#898.11
590	/	/	PUNCT	_	_	_	_	_	@ztr1976-words#@ztr1976#898.11#898.469
591	это	это	PRON	_	Animacy=Inan|Case=Nom|Gender=Neut|Number=Sing	_	_	_	@ztr1976-words#@ztr1976#898.469#898.828
592	скорее	скорее	ADV	_	Degree=Pos	_	_	_	@ztr1976-words#@ztr1976#898.828#899.187
593	труд	труд	NOUN	_	Animacy=Inan|Case=Nom|Gender=Masc|Number=Sing	_	_	_	@ztr1976-words#@ztr1976#899.187#899.55
594	да	да	CCONJ	_	_	_	_	_	@ztr1976-words#@ztr1976#936.9#937.175
595	вы	вы	PRON	_	Case=Nom|Number=Plur|Person=2	_	_	_	@ztr1976-words#@ztr1976#937.175#937.45
596	очень	очень	ADV	_	Degree=Pos	_	_	_	@ztr1976-words#@ztr1976#937.45#937.725
597	сиюминутные	сиюминутный	ADJ	_	Animacy=Inan|Case=Acc|Degree=Pos|Number=Plur	_	_	_	@ztr1976-words#@ztr1976#937.725#938.0
598	и	и	CCONJ	_	_	_	_	_	@ztr1976-words#@ztr1976#971.8#972.0
599	вообще	вообще	ADV	_	Degree=Pos	_	_	_	@ztr1976-words#@ztr1976#972.0#972.2
600	думаете	думать	VERB	_	Aspect=Imp|Mood=Ind|Number=Plur|Person=2|Tense=Pres|VerbForm=Fin|Voice=Act	_	_	_	@ztr1976-words#@ztr1976#972.2#972.4
601	ли	ли	PART	_	_	_	_	_	@ztr1976-words#@ztr1976#972.4#972.6
602	вы	вы	PRON	_	Case=Nom|Number=Plur|Person=2	_	_	_	@ztr1976-words#@ztr1976#972.6#972.8
603	#смеётся#	#смеётся#	NOUN	_	Animacy=Inan|Case=Gen|Gender=Fem|Number=Sing	_	_	_	@ztr1976-words#@ztr1976#974.032#975.77
604	я	я	PRON	_	Case=Nom|Number=Sing|Person=1	_	_	_	@ztr1976-words#@ztr1976#976.6#976.733
605	не	не	PART	_	_	_	_	_	@ztr1976-words#@ztr1976#976.733#976.866
606	думаю	думать	VERB	_	Aspect=Imp|Mood=Ind|Number=Sing|Person=1|Tense=Pres|VerbForm=Fin|Voice=Act	_	_	_	@ztr1976-words#@ztr1976#976.866#977.0
607	абсолютно	абсолютно	ADV	_	Degree=Pos	_	_	_	@ztr1976-words#@ztr1976#977.8#978.35
608	искренне	искренне	ADV	_	Degree=Pos	_	_	_	@ztr1976-words#@ztr1976#978.35#978.9
609	нет	нет	VERB	_	Aspect=Imp|Mood=Ind|Number=Sing|Person=3|Tense=Pres|VerbForm=Fin|Voice=Act	_	_	_	@ztr1976-words#@ztr1976#981.1#981.342
610	/	/	PUNCT	_	_	_	_	_	@ztr1976-words#@ztr1976#981.342#981.584
611	просто	просто	PART	_	_	_	_	_	@ztr1976-words#@ztr1976#981.584#981.826
612	я	я	PRON	_	Case=Nom|Number=Sing|Person=1	_	_	_	@ztr1976-words#@ztr1976#981.826#982.068
613	сама	сам	ADJ	_	Case=Nom|Degree=Pos|Gender=Fem|Number=Sing	_	_	_	@ztr1976-words#@ztr1976#982.068#982.31
614	себя	себя	PRON	_	Case=Acc	_	_	_	@ztr1976-words#@ztr1976#982.31#982.552
615	скорее	скорее	ADV	_	Degree=Pos	_	_	_	@ztr1976-words#@ztr1976#982.552#982.8
616	сказала	сказать	VERB	_	Aspect=Perf|Gender=Fem|Mood=Ind|Number=Sing|Tense=Past|VerbForm=Fin|Voice=Act	_	_	_	@ztr1976-words#@ztr1976#983.1#983.8
617	сложно	сложно	ADV	_	Degree=Pos	_	_	_	@ztr1976-words#@ztr1976#990.5#990.925
618	судить	судить	VERB	_	Aspect=Imp|VerbForm=Inf|Voice=Act	_	_	_	@ztr1976-words#@ztr1976#990.925#991.35
619	ээ	ээ	NOUN	_	Case=Gen|Degree=Pos|Gender=Fem|Number=Sing	_	_	_	@ztr1976-words#@ztr1976#991.5#991.966
620	аа	ао	NOUN	_	Animacy=Inan|Case=Gen|Gender=Masc|Number=Sing	_	_	_	@ztr1976-words#@ztr1976#991.966#992.432
621	но	но	CCONJ	_	_	_	_	_	@ztr1976-words#@ztr1976#992.432#992.898
622	по	по	ADP	_	_	_	_	_	@ztr1976-words#@ztr1976#992.898#993.364
623	меньшей	меньший	ADJ	_	Case=Dat|Degree=Pos|Gender=Fem|Number=Sing	_	_	_	@ztr1976-words#@ztr1976#993.364#993.83
624	мере	мера	NOUN	_	Animacy=Inan|Case=Dat|Gender=Fem|Number=Sing	_	_	_	@ztr1976-words#@ztr1976#993.83#994.296
625	это	это	PRON	_	Animacy=Inan|Case=Nom|Gender=Neut|Number=Sing	_	_	_	@ztr1976-words#@ztr1976#994.296#994.762
626	очень	очень	ADV	_	Degree=Pos	_	_	_	@ztr1976-words#@ztr1976#994.762#995.228
627	#откашливается#	#откашливается#	NOUN	_	Animacy=Inan|Case=Gen|Gender=Fem|Number=Sing	_	_	_	@ztr1976-words#@ztr1976#995.228#995.7
628	правдиво	правдиво	ADV	_	Degree=Pos	_	_	_	@ztr1976-words#@ztr1976#996.5#996.843
629	/	/	PUNCT	_	_	_	_	_	@ztr1976-words#@ztr1976#996.843#997.186
630	очень	очень	ADV	_	Degree=Pos	_	_	_	@ztr1976-words#@ztr1976#997.186#997.529
631	правдиво	правдивый	ADJ	_	Degree=Pos|Gender=Neut|Number=Sing|Variant=Short	_	_	_	@ztr1976-words#@ztr1976#997.529#997.872
632	по	по	ADP	_	_	_	_	_	@ztr1976-words#@ztr1976#997.872#998.215
633	отношению	отношение	NOUN	_	Animacy=Inan|Case=Dat|Gender=Neut|Number=Sing	_	_	_	@ztr1976-words#@ztr1976#998.215#998.558
634	к	к	ADP	_	_	_	_	_	@ztr1976-words#@ztr1976#998.558#998.901
635	профессии	профессия	NOUN	_	Animacy=Inan|Case=Dat|Gender=Fem|Number=Sing	_	_	_	@ztr1976-words#@ztr1976#998.901#999.25
636	я	я	PRON	_	Case=Nom|Number=Sing|Person=1	_	_	_	@ztr1976-words#@ztr1976#1000.0#1000.323
637	не	не	PART	_	_	_	_	_	@ztr1976-words#@ztr1976#1000.323#1000.646
638	подстраиваюсь	подстраиваться	VERB	_	Aspect=Perf|Mood=Ind|Number=Sing|Person=1|Tense=Fut|VerbForm=Fin|Voice=Mid	_	_	_	@ztr1976-words#@ztr1976#1000.646#1000.969
639	ни	ни	CCONJ	_	_	_	_	_	@ztr1976-words#@ztr1976#1000.969#1001.292
640	под	под	ADP	_	_	_	_	_	@ztr1976-words#@ztr1976#1001.292#1001.615
641	формат	формат	NOUN	_	Animacy=Inan|Case=Acc|Gender=Masc|Number=Sing	_	_	_	@ztr1976-words#@ztr1976#1001.615#1001.938
642	/	/	PUNCT	_	_	_	_	_	@ztr1976-words#@ztr1976#1001.938#1002.261
643	ни	ни	CCONJ	_	_	_	_	_	@ztr1976-words#@ztr1976#1002.261#1002.584
644	под	под	ADP	_	_	_	_	_	@ztr1976-words#@ztr1976#1002.584#1002.907
645	что	что	PRON	_	Case=Acc	_	_	_	@ztr1976-words#@ztr1976#1002.907#1003.23
646	/	/	PUNCT	_	_	_	_	_	@ztr1976-words#@ztr1976#1003.23#1003.553
647	я	я	PRON	_	Case=Nom|Number=Sing|Person=1	_	_	_	@ztr1976-words#@ztr1976#1003.553#1003.876
648	/	/	PUNCT	_	_	_	_	_	@ztr1976-words#@ztr1976#1003.876#1004.199
649	пытаюсь	пытаться	VERB	_	Aspect=Imp|Mood=Ind|Number=Sing|Person=1|Tense=Pres|VerbForm=Fin|Voice=Mid	_	_	_	@ztr1976-words#@ztr1976#1004.199#1004.522
650	/	/	PUNCT	_	_	_	_	_	@ztr1976-words#@ztr1976#1004.522#1004.845
651	э	эра	INTJ	_	_	_	_	_	@ztr1976-words#@ztr1976#1004.845#1005.168
652	/	/	PUNCT	_	_	_	_	_	@ztr1976-words#@ztr1976#1005.168#1005.491
653	действительно	действительно	ADV	_	Degree=Pos	_	_	_	@ztr1976-words#@ztr1976#1005.491#1005.814
654	писать	писать	VERB	_	Aspect=Imp|VerbForm=Inf|Voice=Act	_	_	_	@ztr1976-words#@ztr1976#1005.814#1006.137
655	/	/	PUNCT	_	_	_	_	_	@ztr1976-words#@ztr1976#1006.137#1006.46
656	тк...	тк...	PROPN	_	Animacy=Anim|Case=Dat|Gender=Fem|Number=Sing	_	_	_	@ztr1976-words#@ztr1976#1006.46#1006.783
657	шт...	шт...	PROPN	_	Animacy=Anim|Case=Dat|Gender=Fem|Number=Sing	_	_	_	@ztr1976-words#@ztr1976#1006.783#1007.106
658	так	так	ADV	_	Degree=Pos	_	_	_	@ztr1976-words#@ztr1976#1007.106#1007.429
659	чтобы	чтобы	SCONJ	_	Mood=Cnd	_	_	_	@ztr1976-words#@ztr1976#1007.429#1007.752
660	мне	я	PRON	_	Case=Dat|Number=Sing|Person=1	_	_	_	@ztr1976-words#@ztr1976#1007.752#1008.075
661	понравилось	понравиться	VERB	_	Aspect=Perf|Gender=Neut|Mood=Ind|Number=Sing|Tense=Past|VerbForm=Fin|Voice=Mid	_	_	_	@ztr1976-words#@ztr1976#1008.075#1008.4
662	достаточно	достаточно	ADV	_	Degree=Pos	_	_	_	@ztr1976-words#@ztr1976#1015.6#1015.95
663	давно	давно	ADV	_	Degree=Pos	_	_	_	@ztr1976-words#@ztr1976#1015.95#1016.3
664	десять	десять	NUM	_	Case=Nom	_	_	_	@ztr1976-words#@ztr1976#1016.7#1016.9
665	нет	нет	VERB	_	Aspect=Imp|Mood=Ind|Number=Sing|Person=3|Tense=Pres|VerbForm=Fin|Voice=Act	_	_	_	@ztr1976-words#@ztr1976#1023.9#1024.205
666	/	/	PUNCT	_	_	_	_	_	@ztr1976-words#@ztr1976#1024.205#1024.51
667	я	я	PRON	_	Case=Nom|Number=Sing|Person=1	_	_	_	@ztr1976-words#@ztr1976#1024.51#1024.815
668	проучилась	проучиться	VERB	_	Aspect=Perf|Gender=Fem|Mood=Ind|Number=Sing|Tense=Past|VerbForm=Fin|Voice=Mid	_	_	_	@ztr1976-words#@ztr1976#1024.815#1025.12
669	/	/	PUNCT	_	_	_	_	_	@ztr1976-words#@ztr1976#1025.12#1025.425
670	[нрзб]	[нрзб]	PUNCT	_	_	_	_	_	@ztr1976-words#@ztr1976#1025.425#1025.73
671	сказать	сказать	VERB	_	Aspect=Perf|VerbForm=Inf|Voice=Act	_	_	_	@ztr1976-words#@ztr1976#1025.73#1026.035
672	сколько	сколько	NUM	_	_	_	_	_	@ztr1976-words#@ztr1976#1026.035#1026.34
673	?	?	PUNCT	_	_	_	_	_	@ztr1976-words#@ztr1976#1026.34#1026.65
674	первый	первый	ADJ	_	Animacy=Inan|Case=Acc|Degree=Pos|Gender=Masc|Number=Sing	_	_	_	@ztr1976-words#@ztr1976#1027.7#1027.95
675	семестр	семестр	NOUN	_	Animacy=Inan|Case=Acc|Gender=Masc|Number=Sing	_	_	_	@ztr1976-words#@ztr1976#1027.95#1028.2
676	я	я	PRON	_	Case=Nom|Number=Sing|Person=1	_	_	_	@ztr1976-words#@ztr1976#1031.3#1031.564
677	поехала	поехать	VERB	_	Aspect=Perf|Gender=Fem|Mood=Ind|Number=Sing|Tense=Past|VerbForm=Fin|Voice=Act	_	_	_	@ztr1976-words#@ztr1976#1031.564#1031.828
678	в	в	ADP	_	_	_	_	_	@ztr1976-words#@ztr1976#1031.828#1032.092
679	тур	тур	NOUN	_	Animacy=Inan|Case=Acc|Gender=Masc|Number=Sing	_	_	_	@ztr1976-words#@ztr1976#1032.092#1032.356
680	/	/	PUNCT	_	_	_	_	_	@ztr1976-words#@ztr1976#1032.356#1032.62
681	выпустила	выпустить	VERB	_	Aspect=Perf|Gender=Fem|Mood=Ind|Number=Sing|Tense=Past|VerbForm=Fin|Voice=Act	_	_	_	@ztr1976-words#@ztr1976#1032.62#1032.884
682	альбом	альб	NOUN	_	Animacy=Inan|Case=Ins|Gender=Masc|Number=Sing	_	_	_	@ztr1976-words#@ztr1976#1032.884#1033.148
683	/	/	PUNCT	_	_	_	_	_	@ztr1976-words#@ztr1976#1033.148#1033.412
684	стала	стать	VERB	_	Aspect=Perf|Gender=Fem|Mood=Ind|Number=Sing|Tense=Past|VerbForm=Fin|Voice=Act	_	_	_	@ztr1976-words#@ztr1976#1033.412#1033.676
685	писать	писать	VERB	_	Aspect=Imp|VerbForm=Inf|Voice=Act	_	_	_	@ztr1976-words#@ztr1976#1033.676#1033.94
686	писать	писать	VERB	_	Aspect=Imp|VerbForm=Inf|Voice=Act	_	_	_	@ztr1976-words#@ztr1976#1033.94#1034.204
687	писать	писать	VERB	_	Aspect=Imp|VerbForm=Inf|Voice=Act	_	_	_	@ztr1976-words#@ztr1976#1034.204#1034.468
688	писать	писать	VERB	_	Aspect=Imp|VerbForm=Inf|Voice=Act	_	_	_	@ztr1976-words#@ztr1976#1034.468#1034.732
689	написала	писать	VERB	_	Aspect=Perf|Gender=Fem|Mood=Ind|Number=Sing|Tense=Past|VerbForm=Fin|Voice=Act	_	_	_	@ztr1976-words#@ztr1976#1034.732#1035.0
690	альбом	альб	NOUN	_	Animacy=Inan|Case=Ins|Gender=Masc|Number=Sing	_	_	_	@ztr1976-words#@ztr1976#1036.55#1037.3
691	и	и	CCONJ	_	_	_	_	_	@ztr1976-words#@ztr1976#1037.9#1038.062
692	поехала	поехать	VERB	_	Aspect=Perf|Gender=Fem|Mood=Ind|Number=Sing|Tense=Past|VerbForm=Fin|Voice=Act	_	_	_	@ztr1976-words#@ztr1976#1038.062#1038.224
693	в	в	ADP	_	_	_	_	_	@ztr1976-words#@ztr1976#1038.224#1038.386
694	тур	тур	NOUN	_	Animacy=Inan|Case=Acc|Gender=Masc|Number=Sing	_	_	_	@ztr1976-words#@ztr1976#1038.386#1038.55
695	если	если	SCONJ	_	_	_	_	_	@ztr1976-words#@ztr1976#1039.2#1039.415
696	у	у	ADP	_	_	_	_	_	@ztr1976-words#@ztr1976#1039.415#1039.63
697	тебя	ты	PRON	_	Case=Gen|Number=Sing|Person=2	_	_	_	@ztr1976-words#@ztr1976#1039.63#1039.845
698	есть	быть	VERB	_	Aspect=Imp|Mood=Ind|Number=Sing|Person=3|Tense=Pres|VerbForm=Fin|Voice=Act	_	_	_	@ztr1976-words#@ztr1976#1039.845#1040.06
699	новая	новый	ADJ	_	Case=Nom|Degree=Pos|Gender=Fem|Number=Sing	_	_	_	@ztr1976-words#@ztr1976#1040.06#1040.275
700	песня	песня	NOUN	_	Animacy=Inan|Case=Nom|Gender=Fem|Number=Sing	_	_	_	@ztr1976-words#@ztr1976#1040.275#1040.49
701	ты	ты	PRON	_	Case=Nom|Number=Sing|Person=2	_	_	_	@ztr1976-words#@ztr1976#1040.49#1040.705
702	/	/	PUNCT	_	_	_	_	_	@ztr1976-words#@ztr1976#1040.705#1040.92
703	должен	должен	ADJ	_	Degree=Pos|Gender=Masc|Number=Sing|Variant=Short	_	_	_	@ztr1976-words#@ztr1976#1040.92#1041.135
704	ехать	ехать	VERB	_	Aspect=Imp|VerbForm=Inf|Voice=Act	_	_	_	@ztr1976-words#@ztr1976#1041.135#1041.35
705	и	и	CCONJ	_	_	_	_	_	@ztr1976-words#@ztr1976#1041.35#1041.565
706	играть	играть	VERB	_	Aspect=Imp|VerbForm=Inf|Voice=Act	_	_	_	@ztr1976-words#@ztr1976#1041.565#1041.78
707	их	они	PRON	_	Case=Acc|Number=Plur|Person=3	_	_	_	@ztr1976-words#@ztr1976#1041.78#1042.0
708	уже	уже	ADV	_	Degree=Pos	_	_	_	@ztr1976-words#@ztr1976#1043.8#1044.066
709	не	не	PART	_	_	_	_	_	@ztr1976-words#@ztr1976#1044.066#1044.332
710	вернулась	вернуться	VERB	_	Aspect=Perf|Gender=Fem|Mood=Ind|Number=Sing|Tense=Past|VerbForm=Fin|Voice=Mid	_	_	_	@ztr1976-words#@ztr1976#1044.332#1044.599
711	не	не	PART	_	_	_	_	_	@ztr1976-words#@ztr1976#1045.45#1045.669
712	вернулась	вернуться	VERB	_	Aspect=Perf|Gender=Fem|Mood=Ind|Number=Sing|Tense=Past|VerbForm=Fin|Voice=Mid	_	_	_	@ztr1976-words#@ztr1976#1045.669#1045.888
713	/	/	PUNCT	_	_	_	_	_	@ztr1976-words#@ztr1976#1045.888#1046.107
714	ну	ну	PART	_	_	_	_	_	@ztr1976-words#@ztr1976#1046.107#1046.326
715	потому	потому	ADV	_	Degree=Pos	_	_	_	@ztr1976-words#@ztr1976#1046.326#1046.545
716	что	что	SCONJ	_	_	_	_	_	@ztr1976-words#@ztr1976#1046.545#1046.764
717	я	я	PRON	_	Case=Nom|Number=Sing|Person=1	_	_	_	@ztr1976-words#@ztr1976#1046.764#1046.983
718	испытала	испытать	VERB	_	Aspect=Perf|Gender=Fem|Mood=Ind|Number=Sing|Tense=Past|VerbForm=Fin|Voice=Act	_	_	_	@ztr1976-words#@ztr1976#1046.983#1047.202
719	некоторое	некоторый	DET	_	Case=Acc|Gender=Neut|Number=Sing	_	_	_	@ztr1976-words#@ztr1976#1047.202#1047.421
720	разочарование	разочарование	NOUN	_	Animacy=Inan|Case=Acc|Gender=Neut|Number=Sing	_	_	_	@ztr1976-words#@ztr1976#1047.421#1047.64
721	да	да	PART	_	_	_	_	_	@ztr1976-words#@ztr1976#1048.8#1049.117
722	/	/	PUNCT	_	_	_	_	_	@ztr1976-words#@ztr1976#1049.117#1049.434
723	я	я	PRON	_	Case=Nom|Number=Sing|Person=1	_	_	_	@ztr1976-words#@ztr1976#1049.434#1049.751
724	поступила	поступить	VERB	_	Aspect=Perf|Gender=Fem|Mood=Ind|Number=Sing|Tense=Past|VerbForm=Fin|Voice=Act	_	_	_	@ztr1976-words#@ztr1976#1049.751#1050.068
725	м	метр	NOUN	_	Animacy=Inan|Case=Acc|Gender=Masc|Number=Sing	_	_	_	@ztr1976-words#@ztr1976#1050.068#1050.385
726	с	с	ADP	_	_	_	_	_	@ztr1976-words#@ztr1976#1050.385#1050.702
727	определённой	определенный	ADJ	_	Case=Ins|Degree=Pos|Gender=Fem|Number=Sing	_	_	_	@ztr1976-words#@ztr1976#1050.702#1051.019
728	целью	цель	NOUN	_	Animacy=Inan|Case=Ins|Gender=Fem|Number=Sing	_	_	_	@ztr1976-words#@ztr1976#1051.019#1051.336
729	/	/	PUNCT	_	_	_	_	_	@ztr1976-words#@ztr1976#1051.336#1051.653
730	я	я	PRON	_	Case=Nom|Number=Sing|Person=1	_	_	_	@ztr1976-words#@ztr1976#1051.653#1051.97
731	устала	устать	VERB	_	Aspect=Perf|Gender=Fem|Mood=Ind|Number=Sing|Tense=Past|VerbForm=Fin|Voice=Act	_	_	_	@ztr1976-words#@ztr1976#1051.97#1052.287
732	от	от	ADP	_	_	_	_	_	@ztr1976-words#@ztr1976#1052.287#1052.604
733	мм	миллиметр	ADJ	_	Case=Gen|Degree=Pos|Gender=Fem|Number=Sing	_	_	_	@ztr1976-words#@ztr1976#1052.604#1052.921
734	музыкальной	музыкальный	ADJ	_	Case=Gen|Degree=Pos|Gender=Fem|Number=Sing	_	_	_	@ztr1976-words#@ztr1976#1052.921#1053.25
735	тусовки	тусовка	NOUN	_	Animacy=Inan|Case=Gen|Gender=Fem|Number=Sing	_	_	_	@ztr1976-words#@ztr1976#1054.3#1054.611
736	/	/	PUNCT	_	_	_	_	_	@ztr1976-words#@ztr1976#1054.611#1054.922
737	от	от	ADP	_	_	_	_	_	@ztr1976-words#@ztr1976#1054.922#1055.233
738	этих	этот	DET	_	Case=Gen|Number=Plur	_	_	_	@ztr1976-words#@ztr1976#1055.233#1055.544
739	разговоров	разговор	NOUN	_	Animacy=Inan|Case=Gen|Gender=Masc|Number=Plur	_	_	_	@ztr1976-words#@ztr1976#1055.544#1055.855
740	/	/	PUNCT	_	_	_	_	_	@ztr1976-words#@ztr1976#1055.855#1056.166
741	нуу	ну	ADV	_	Degree=Pos	_	_	_	@ztr1976-words#@ztr1976#1056.166#1056.477
742	они	они	PRON	_	Case=Nom|Number=Plur|Person=3	_	_	_	@ztr1976-words#@ztr1976#1056.477#1056.788
743	достаточно	достаточно	ADV	_	Degree=Pos	_	_	_	@ztr1976-words#@ztr1976#1056.788#1057.099
744	однотипны	однотипный	ADJ	_	Degree=Pos|Number=Plur|Variant=Short	_	_	_	@ztr1976-words#@ztr1976#1057.099#1057.41
745	/	/	PUNCT	_	_	_	_	_	@ztr1976-words#@ztr1976#1057.41#1057.721
746	скажем	сказать	VERB	_	Aspect=Perf|Mood=Ind|Number=Plur|Person=1|Tense=Fut|VerbForm=Fin|Voice=Act	_	_	_	@ztr1976-words#@ztr1976#1057.721#1058.032
747	так	так	ADV	_	Degree=Pos	_	_	_	@ztr1976-words#@ztr1976#1058.032#1058.35
748	мне	я	PRON	_	Case=Dat|Number=Sing|Person=1	_	_	_	@ztr1976-words#@ztr1976#1060.5#1060.75
749	/	/	PUNCT	_	_	_	_	_	@ztr1976-words#@ztr1976#1060.75#1061.0
750	мм	миллиметр	NOUN	_	Animacy=Inan|Case=Acc|Gender=Fem|Number=Sing	_	_	_	@ztr1976-words#@ztr1976#1061.0#1061.25
751	/	/	PUNCT	_	_	_	_	_	@ztr1976-words#@ztr1976#1061.25#1061.5
752	я	я	PRON	_	Case=Nom|Number=Sing|Person=1	_	_	_	@ztr1976-words#@ztr1976#1061.5#1061.75
753	стала	стать	VERB	_	Aspect=Perf|Gender=Fem|Mood=Ind|Number=Sing|Tense=Past|VerbForm=Fin|Voice=Act	_	_	_	@ztr1976-words#@ztr1976#1061.75#1062.0
754	испытывать	испытывать	VERB	_	Aspect=Imp|VerbForm=Inf|Voice=Act	_	_	_	@ztr1976-words#@ztr1976#1062.0#1062.25
755	потребность	потребность	NOUN	_	Animacy=Inan|Case=Acc|Gender=Fem|Number=Sing	_	_	_	@ztr1976-words#@ztr1976#1062.25#1062.5
756	ээ	ээ	NOUN	_	Animacy=Inan|Case=Gen|Gender=Fem|Number=Sing	_	_	_	@ztr1976-words#@ztr1976#1062.5#1062.75
757	в	в	ADP	_	_	_	_	_	@ztr1976-words#@ztr1976#1062.75#1063.0
758	разговорах	разговор	NOUN	_	Animacy=Inan|Case=Loc|Gender=Masc|Number=Plur	_	_	_	@ztr1976-words#@ztr1976#1063.0#1063.25
759	/	/	PUNCT	_	_	_	_	_	@ztr1976-words#@ztr1976#1063.25#1063.5
760	с	с	ADP	_	_	_	_	_	@ztr1976-words#@ztr1976#1063.5#1063.75
761	умн...	умн...	PROPN	_	Animacy=Anim|Case=Ins|Gender=Fem|Number=Sing	_	_	_	@ztr1976-words#@ztr1976#1063.75#1064.0
762	ээ	ээ	X	_	Foreign=Yes	_	_	_	@ztr1976-words#@ztr1976#1064.0#1064.25
763	/	/	PUNCT	_	_	_	_	_	@ztr1976-words#@ztr1976#1064.25#1064.5
764	в	в	ADP	_	_	_	_	_	@ztr1976-words#@ztr1976#1064.5#1064.75
765	разговорах...	разговорах...	PROPN	_	Animacy=Anim|Case=Ins|Gender=Fem|Number=Sing	_	_	_	@ztr1976-words#@ztr1976#1064.75#1065.0
766	/	/	PUNCT	_	_	_	_	_	@ztr1976-words#@ztr1976#1065.0#1065.25
767	в	в	ADP	_	_	_	_	_	@ztr1976-words#@ztr1976#1065.25#1065.5
768	умных	умный	ADJ	_	Case=Loc|Degree=Pos|Number=Plur	_	_	_	@ztr1976-words#@ztr1976#1065.5#1065.75
769	разговорах	разговор	NOUN	_	Animacy=Inan|Case=Loc|Gender=Masc|Number=Plur	_	_	_	@ztr1976-words#@ztr1976#1065.75#1066.0
770	я	я	PRON	_	Case=Nom|Number=Sing|Person=1	_	_	_	@ztr1976-words#@ztr1976#1066.7#1067.015
771	поступила	поступить	VERB	_	Aspect=Perf|Gender=Fem|Mood=Ind|Number=Sing|Tense=Past|VerbForm=Fin|Voice=Act	_	_	_	@ztr1976-words#@ztr1976#1067.015#1067.33
772	на	на	ADP	_	_	_	_	_	@ztr1976-words#@ztr1976#1067.33#1067.645
773	филфак	филфак	NOUN	_	Animacy=Inan|Case=Acc|Gender=Masc|Number=Sing	_	_	_	@ztr1976-words#@ztr1976#1067.645#1067.96
774	для	для	ADP	_	_	_	_	_	@ztr1976-words#@ztr1976#1067.96#1068.275
775	того	то	PRON	_	Animacy=Inan|Case=Gen|Gender=Neut|Number=Sing	_	_	_	@ztr1976-words#@ztr1976#1068.275#1068.59
776	чтобы	чтобы	SCONJ	_	Mood=Cnd	_	_	_	@ztr1976-words#@ztr1976#1068.59#1068.905
777	послушать	послушать	VERB	_	Aspect=Perf|VerbForm=Inf|Voice=Act	_	_	_	@ztr1976-words#@ztr1976#1068.905#1069.22
778	умных	умный	ADJ	_	Animacy=Anim|Case=Acc|Degree=Pos|Number=Plur	_	_	_	@ztr1976-words#@ztr1976#1069.22#1069.535
779	людей	человек	NOUN	_	Animacy=Anim|Case=Acc|Gender=Masc|Number=Plur	_	_	_	@ztr1976-words#@ztr1976#1069.535#1069.85
780	зубрила	зубрить	VERB	_	Aspect=Imp|Gender=Fem|Mood=Ind|Number=Sing|Tense=Past|VerbForm=Fin|Voice=Act	_	_	_	@ztr1976-words#@ztr1976#1073.5#1073.792
781	билеты	билет	NOUN	_	Animacy=Inan|Case=Acc|Gender=Masc|Number=Plur	_	_	_	@ztr1976-words#@ztr1976#1073.792#1074.084
782	#одновременно#	#одновременно#	NOUN	_	Animacy=Inan|Case=Gen|Gender=Fem|Number=Sing	_	_	_	@ztr1976-words#@ztr1976#1074.084#1074.376
783	они	они	PRON	_	Case=Nom|Number=Plur|Person=3	_	_	_	@ztr1976-words#@ztr1976#1074.376#1074.668
784	умные	умный	ADJ	_	Case=Nom|Degree=Pos|Number=Plur	_	_	_	@ztr1976-words#@ztr1976#1074.668#1074.96
785	/	/	PUNCT	_	_	_	_	_	@ztr1976-words#@ztr1976#1074.96#1075.252
786	они	они	PRON	_	Case=Nom|Number=Plur|Person=3	_	_	_	@ztr1976-words#@ztr1976#1075.252#1075.544
787	умные	умный	ADJ	_	Case=Nom|Degree=Pos|Number=Plur	_	_	_	@ztr1976-words#@ztr1976#1075.544#1075.836
788	/	/	PUNCT	_	_	_	_	_	@ztr1976-words#@ztr1976#1075.836#1076.128
789	каждый	каждый	DET	_	Case=Nom|Gender=Masc|Number=Sing	_	_	_	@ztr1976-words#@ztr1976#1076.128#1076.42
790	в	в	ADP	_	_	_	_	_	@ztr1976-words#@ztr1976#1076.42#1076.712
791	своём	свой	DET	_	Case=Loc|Gender=Neut|Number=Sing	_	_	_	@ztr1976-words#@ztr1976#1076.712#1077.004
792	предмете	предмет	NOUN	_	Animacy=Inan|Case=Loc|Gender=Masc|Number=Sing	_	_	_	@ztr1976-words#@ztr1976#1077.004#1077.3
793	ну	ну	PART	_	_	_	_	_	@ztr1976-words#@ztr1976#1078.0#1078.177
794	если	если	SCONJ	_	_	_	_	_	@ztr1976-words#@ztr1976#1078.177#1078.354
795	всматриваться	всматриваться	VERB	_	Aspect=Imp|VerbForm=Inf|Voice=Mid	_	_	_	@ztr1976-words#@ztr1976#1078.354#1078.531
796	в	в	ADP	_	_	_	_	_	@ztr1976-words#@ztr1976#1078.531#1078.708
797	них	они	PRON	_	Case=Loc|Number=Plur|Person=3	_	_	_	@ztr1976-words#@ztr1976#1078.708#1078.885
798	/	/	PUNCT	_	_	_	_	_	@ztr1976-words#@ztr1976#1078.885#1079.062
799	конечно	конечно	ADV	_	Degree=Pos	_	_	_	@ztr1976-words#@ztr1976#1079.062#1079.239
800	/	/	PUNCT	_	_	_	_	_	@ztr1976-words#@ztr1976#1079.239#1079.416
801	никто	никто	PRON	_	Case=Nom	_	_	_	@ztr1976-words#@ztr1976#1079.416#1079.593
802	не	не	PART	_	_	_	_	_	@ztr1976-words#@ztr1976#1079.593#1079.77
803	безупречен	безупречный	ADJ	_	Degree=Pos|Gender=Masc|Number=Sing|Variant=Short	_	_	_	@ztr1976-words#@ztr1976#1079.77#1079.95
804	#цокает#	#цокает#	NOUN	_	Animacy=Inan|Case=Gen|Gender=Fem|Number=Sing	_	_	_	@ztr1976-words#@ztr1976#1080.7#1081.4
805	да	да	CCONJ	_	_	_	_	_	@ztr1976-words#@ztr1976#1082.0#1082.216
806	/	/	PUNCT	_	_	_	_	_	@ztr1976-words#@ztr1976#1082.216#1082.432
807	и	и	CCONJ	_	_	_	_	_	@ztr1976-words#@ztr1976#1082.432#1082.648
808	там	там	ADV	_	Degree=Pos	_	_	_	@ztr1976-words#@ztr1976#1082.648#1082.864
809	/	/	PUNCT	_	_	_	_	_	@ztr1976-words#@ztr1976#1082.864#1083.08
810	ну	ну	PART	_	_	_	_	_	@ztr1976-words#@ztr1976#1083.08#1083.296
811	скажем	сказать	VERB	_	Aspect=Perf|Mood=Ind|Number=Plur|Person=1|Tense=Fut|VerbForm=Fin|Voice=Act	_	_	_	@ztr1976-words#@ztr1976#1083.296#1083.512
812	/	/	PUNCT	_	_	_	_	_	@ztr1976-words#@ztr1976#1083.512#1083.728
813	два	два	NUM	_	Case=Nom|Gender=Masc	_	_	_	@ztr1976-words#@ztr1976#1083.728#1083.944
814	преподавателя	преподаватель	NOUN	_	Animacy=Anim|Case=Gen|Gender=Masc|Number=Sing	_	_	_	@ztr1976-words#@ztr1976#1083.944#1084.16
815	мне	я	PRON	_	Case=Dat|Number=Sing|Person=1	_	_	_	@ztr1976-words#@ztr1976#1084.16#1084.376
816	очень	очень	ADV	_	Degree=Pos	_	_	_	@ztr1976-words#@ztr1976#1084.376#1084.592
817	понравились	понравиться	VERB	_	Aspect=Perf|Mood=Ind|Number=Plur|Tense=Past|VerbForm=Fin|Voice=Mid	_	_	_	@ztr1976-words#@ztr1976#1084.592#1084.808
818	а	а	CCONJ	_	_	_	_	_	@ztr1976-words#@ztr1976#1084.808#1085.024
819	восемь	восемь	NUM	_	Case=Acc	_	_	_	@ztr1976-words#@ztr1976#1085.024#1085.24
820	не	не	PART	_	_	_	_	_	@ztr1976-words#@ztr1976#1085.24#1085.456
821	понравились	понравиться	VERB	_	Aspect=Perf|Mood=Ind|Number=Plur|Tense=Past|VerbForm=Fin|Voice=Mid	_	_	_	@ztr1976-words#@ztr1976#1085.456#1085.672
822	вообще	вообще	ADV	_	Degree=Pos	_	_	_	@ztr1976-words#@ztr1976#1085.672#1085.9
823	ну	ну	PART	_	_	_	_	_	@ztr1976-words#@ztr1976#1088.0#1088.302
824	и	и	CCONJ	_	_	_	_	_	@ztr1976-words#@ztr1976#1088.302#1088.604
825	это	это	PRON	_	Animacy=Inan|Case=Nom|Gender=Neut|Number=Sing	_	_	_	@ztr1976-words#@ztr1976#1088.604#1088.906
826	было	быть	AUX	_	Aspect=Imp|Gender=Neut|Mood=Ind|Number=Sing|Tense=Past|VerbForm=Fin|Voice=Act	_	_	_	@ztr1976-words#@ztr1976#1088.906#1089.208
827	достаточно	достаточно	ADV	_	Degree=Pos	_	_	_	@ztr1976-words#@ztr1976#1089.208#1089.51
828	тяжело	тяжелый	ADJ	_	Degree=Pos|Gender=Neut|Number=Sing|Variant=Short	_	_	_	@ztr1976-words#@ztr1976#1089.51#1089.812
829	/	/	PUNCT	_	_	_	_	_	@ztr1976-words#@ztr1976#1089.812#1090.114
830	я	я	PRON	_	Case=Nom|Number=Sing|Person=1	_	_	_	@ztr1976-words#@ztr1976#1090.114#1090.416
831	же	же	PART	_	_	_	_	_	@ztr1976-words#@ztr1976#1090.416#1090.718
832	поступила	поступить	VERB	_	Aspect=Perf|Gender=Fem|Mood=Ind|Number=Sing|Tense=Past|VerbForm=Fin|Voice=Act	_	_	_	@ztr1976-words#@ztr1976#1090.718#1091.02
833	на	на	ADP	_	_	_	_	_	@ztr1976-words#@ztr1976#1091.02#1091.322
834	ээ	ээ	NOUN	_	Animacy=Inan|Case=Gen|Gender=Fem|Number=Sing	_	_	_	@ztr1976-words#@ztr1976#1091.322#1091.624
835	мне	я	PRON	_	Case=Dat|Number=Sing|Person=1	_	_	_	@ztr1976-words#@ztr1976#1091.624#1091.926
836	было	быть	VERB	_	Aspect=Imp|Gender=Neut|Mood=Ind|Number=Sing|Tense=Past|VerbForm=Fin|Voice=Act	_	_	_	@ztr1976-words#@ztr1976#1091.926#1092.228
837	двадцать	двадцать	NUM	_	Case=Nom	_	_	_	@ztr1976-words#@ztr1976#1092.228#1092.53
838	восемь	восемь	NUM	_	Case=Nom	_	_	_	@ztr1976-words#@ztr1976#1092.53#1092.832
839	а	а	CCONJ	_	_	_	_	_	@ztr1976-words#@ztr1976#1092.832#1093.134
840	моим	мой	DET	_	Case=Dat|Number=Plur	_	_	_	@ztr1976-words#@ztr1976#1093.134#1093.436
841	однокурсникам	однокурсник	NOUN	_	Animacy=Anim|Case=Dat|Gender=Masc|Number=Plur	_	_	_	@ztr1976-words#@ztr1976#1093.436#1093.738
842	/	/	PUNCT	_	_	_	_	_	@ztr1976-words#@ztr1976#1093.738#1094.04
843	семнадцать	семнадцать	NUM	_	Case=Nom	_	_	_	@ztr1976-words#@ztr1976#1094.04#1094.35
844	это	это	PRON	_	Animacy=Inan|Case=Nom|Gender=Neut|Number=Sing	_	_	_	@ztr1976-words#@ztr1976#1095.0#1095.3
845	было	быть	AUX	_	Aspect=Imp|Gender=Neut|Mood=Ind|Number=Sing|Tense=Past|VerbForm=Fin|Voice=Act	_	_	_	@ztr1976-words#@ztr1976#1095.3#1095.6
846	давление	давление	NOUN	_	Animacy=Inan|Case=Nom|Gender=Neut|Number=Sing	_	_	_	@ztr1976-words#@ztr1976#1095.6#1095.9
847	давление	давление	NOUN	_	Animacy=Inan|Case=Nom|Gender=Neut|Number=Sing	_	_	_	@ztr1976-words#@ztr1976#1098.4#1098.636
848	ну	ну	PART	_	_	_	_	_	@ztr1976-words#@ztr1976#1098.636#1098.872
849	/	/	PUNCT	_	_	_	_	_	@ztr1976-words#@ztr1976#1098.872#1099.108
850	мне	я	PRON	_	Case=Dat|Number=Sing|Person=1	_	_	_	@ztr1976-words#@ztr1976#1099.108#1099.344
851	кажется	казаться	VERB	_	Aspect=Imp|Mood=Ind|Number=Sing|Person=3|Tense=Pres|VerbForm=Fin|Voice=Mid	_	_	_	@ztr1976-words#@ztr1976#1099.344#1099.58
852	я	я	PRON	_	Case=Nom|Number=Sing|Person=1	_	_	_	@ztr1976-words#@ztr1976#1099.58#1099.816
853	с	с	ADP	_	_	_	_	_	@ztr1976-words#@ztr1976#1099.816#1100.052
854	ним	он	PRON	_	Case=Ins|Gender=Masc|Number=Sing|Person=3	_	_	_	@ztr1976-words#@ztr1976#1100.052#1100.288
855	более	более	ADV	_	Degree=Cmp	_	_	_	@ztr1976-words#@ztr1976#1100.288#1100.524
856	менее	менее	ADV	_	Degree=Cmp	_	_	_	@ztr1976-words#@ztr1976#1100.524#1100.76
857	справлялась	справляться	VERB	_	Aspect=Imp|Gender=Fem|Mood=Ind|Number=Sing|Tense=Past|VerbForm=Fin|Voice=Pass	_	_	_	@ztr1976-words#@ztr1976#1100.76#1101.0
858	ну	ну	PART	_	_	_	_	_	@ztr1976-words#@ztr1976#1101.5#1101.743
859	да	да	PART	_	_	_	_	_	@ztr1976-words#@ztr1976#1101.743#1101.986
860	/	/	PUNCT	_	_	_	_	_	@ztr1976-words#@ztr1976#1101.986#1102.229
861	я	я	PRON	_	Case=Nom|Number=Sing|Person=1	_	_	_	@ztr1976-words#@ztr1976#1102.229#1102.472
862	в	в	ADP	_	_	_	_	_	@ztr1976-words#@ztr1976#1102.472#1102.715
863	некотором	некоторый	DET	_	Case=Loc|Gender=Masc|Number=Sing	_	_	_	@ztr1976-words#@ztr1976#1102.715#1102.958
864	смысле	смысл	NOUN	_	Animacy=Inan|Case=Loc|Gender=Masc|Number=Sing	_	_	_	@ztr1976-words#@ztr1976#1102.958#1103.201
865	разочаровалась	разочароваться	VERB	_	Aspect=Imp|Gender=Fem|Mood=Ind|Number=Sing|Tense=Past|VerbForm=Fin|Voice=Pass	_	_	_	@ztr1976-words#@ztr1976#1103.201#1103.45
866	это	это	PRON	_	Animacy=Inan|Case=Nom|Gender=Neut|Number=Sing	_	_	_	@ztr1976-words#@ztr1976#1104.35#1104.681
867	не	не	PART	_	_	_	_	_	@ztr1976-words#@ztr1976#1104.681#1105.012
868	/	/	PUNCT	_	_	_	_	_	@ztr1976-words#@ztr1976#1105.012#1105.343
869	то	то	SCONJ	_	_	_	_	_	@ztr1976-words#@ztr1976#1105.343#1105.674
870	/	/	PUNCT	_	_	_	_	_	@ztr1976-words#@ztr1976#1105.674#1106.005
871	зачем	зачем	ADV	_	Degree=Pos	_	_	_	@ztr1976-words#@ztr1976#1106.005#1106.336
872	я	я	PRON	_	Case=Nom|Number=Sing|Person=1	_	_	_	@ztr1976-words#@ztr1976#1106.336#1106.667
873	шла	идти	VERB	_	Aspect=Imp|Gender=Fem|Mood=Ind|Number=Sing|Tense=Past|VerbForm=Fin|Voice=Act	_	_	_	@ztr1976-words#@ztr1976#1106.667#1107.0
